alerta_id,codigo,tipo_cliente,regra_id,regra,enquadramento,valor_envolvido,data,prioridade,evidencia
A004073,T-82424,Titular (PF),R01,R01 · Movimentação incompatível com a renda,"IV, a",21912.95,2026-07-27,45.2,"R$ 19.810 recebidos e R$ 2.103 enviados por Pix em 30 dias — 3,5× a renda mensal declarada de R$ 6.280."
A004074,T-82424,Titular (PF),R04,R04 · Conta pouco movimentada que acorda,"IV, e",21912.95,2026-07-27,45.2,"R$ 21.913 movimentados em 30 dias, contra média mensal de R$ 2.033 nos 3 meses anteriores (11× a média, com piso de R$ 200)."
A004075,T-16761,Titular (PF),R01,R01 · Movimentação incompatível com a renda,"IV, a",109086.76999999999,2026-07-27,51.7,"R$ 61.395 recebidos e R$ 47.692 enviados por Pix em 30 dias — 28,0× a renda mensal declarada de R$ 3.900."
A004076,T-16761,Titular (PF),R04,R04 · Conta pouco movimentada que acorda,"IV, e",109086.76999999999,2026-07-27,51.7,"R$ 109.087 movimentados em 30 dias, contra média mensal de R$ 1.620 nos 3 meses anteriores (67× a média, com piso de R$ 200)."
A004077,T-85679,Titular (PF),R09,R09 · PEP com movimentação relevante,"IV, s",23596.53,2026-07-27,62.5,"Titular PEP movimentou R$ 23.597 em 30 dias (R$ 12.677 recebidos, R$ 10.920 enviados); renda mensal declarada de R$ 21.030."
A004080,L-23322,Estabelecimento (PJ),R05,R05 · Recebimento incompatível com o estabelecimento,"IV, w",75905.30472665955,2026-07-28,54.4,"R$ 75.905 recebidos no POS em 7 dias, 3,5× a receita semanal esperada (R$ 21.840); 4% vieram de cartões de uma mesma empresa cliente."
A004081,T-92006,Titular (PF),R01,R01 · Movimentação incompatível com a renda,"IV, a",38757.369999999995,2026-07-28,56.5,"R$ 26.253 recebidos e R$ 12.505 enviados por Pix em 30 dias — 20,2× a renda mensal declarada de R$ 1.920."
A004082,T-92006,Titular (PF),R04,R04 · Conta pouco movimentada que acorda,"IV, e",38757.369999999995,2026-07-28,56.5,"R$ 38.757 movimentados em 30 dias, contra média mensal de R$ 841 nos 3 meses anteriores (46× a média, com piso de R$ 200)."
A004083,T-92498,Titular (PF),R09,R09 · PEP com movimentação relevante,"IV, s",47120.99000000005,2026-07-28,63.3,"Titular PEP movimentou R$ 47.121 em 30 dias (R$ 31.964 recebidos, R$ 15.157 enviados); renda mensal declarada de R$ 20.990."
A004084,L-42999,Estabelecimento (PJ),R05,R05 · Recebimento incompatível com o estabelecimento,"IV, w",29071.131341271335,2026-07-29,46.7,"R$ 29.071 recebidos no POS em 7 dias, 3,1× a receita semanal esperada (R$ 9.475); 18% vieram de cartões de uma mesma empresa cliente."
A004085,T-79114,Titular (PF),R02,R02 · Muitas origens e saída rápida,"IV, n",3482.74,2026-07-30,40.0,40 pagadores distintos mandaram R$ 3.483 em 7 dias; R$ 3.204 (92% do recebido) saiu da conta na mesma janela.
A004086,L-82184,Estabelecimento (PJ),R05,R05 · Recebimento incompatível com o estabelecimento,"IV, w",118550.27029034495,2026-07-31,52.1,"R$ 118.550 recebidos no POS em 7 dias, 3,5× a receita semanal esperada (R$ 33.604); 3% vieram de cartões de uma mesma empresa cliente."
A004087,L-47054,Estabelecimento (PJ),R05,R05 · Recebimento incompatível com o estabelecimento,"IV, w",68238.2104974559,2026-07-31,50.0,"R$ 68.238 recebidos no POS em 7 dias, 3,2× a receita semanal esperada (R$ 21.246); 17% vieram de cartões de uma mesma empresa cliente."
A004088,L-23322,Estabelecimento (PJ),R05,R05 · Recebimento incompatível com o estabelecimento,"IV, w",85169.81961087673,2026-08-01,54.4,"R$ 85.170 recebidos no POS em 7 dias, 3,9× a receita semanal esperada (R$ 21.840); 4% vieram de cartões de uma mesma empresa cliente."
A004089,L-82184,Estabelecimento (PJ),R05,R05 · Recebimento incompatível com o estabelecimento,"IV, w",121652.77077982435,2026-08-01,52.1,"R$ 121.653 recebidos no POS em 7 dias, 3,6× a receita semanal esperada (R$ 33.604); 3% vieram de cartões de uma mesma empresa cliente."
A004091,L-47054,Estabelecimento (PJ),R05,R05 · Recebimento incompatível com o estabelecimento,"IV, w",74523.10001673433,2026-08-01,50.0,"R$ 74.523 recebidos no POS em 7 dias, 3,5× a receita semanal esperada (R$ 21.246); 17% vieram de cartões de uma mesma empresa cliente."
A004092,L-55371,Estabelecimento (PJ),R05,R05 · Recebimento incompatível com o estabelecimento,"IV, w",39272.01496508089,2026-08-01,48.8,"R$ 39.272 recebidos no POS em 7 dias, 3,9× a receita semanal esperada (R$ 10.166); 11% vieram de cartões de uma mesma empresa cliente."
A004095,L-42999,Estabelecimento (PJ),R05,R05 · Recebimento incompatível com o estabelecimento,"IV, w",34540.71186842723,2026-08-01,46.7,"R$ 34.541 recebidos no POS em 7 dias, 3,6× a receita semanal esperada (R$ 9.475); 18% vieram de cartões de uma mesma empresa cliente."
A004096,T-57802,Titular (PF),R01,R01 · Movimentação incompatível com a renda,"IV, a",36551.64000000001,2026-08-01,57.3,"R$ 26.211 recebidos e R$ 10.340 enviados por Pix em 30 dias — 4,8× a renda mensal declarada de R$ 7.610."
A004097,T-57802,Titular (PF),R04,R04 · Conta pouco movimentada que acorda,"IV, e",36551.64000000001,2026-08-01,57.3,"R$ 36.552 movimentados em 30 dias, contra média mensal de R$ 3.572 nos 3 meses anteriores (10× a média, com piso de R$ 200)."
A004098,T-52369,Titular (PF),R01,R01 · Movimentação incompatível com a renda,"IV, a",18011.339999999997,2026-08-01,44.4,"R$ 17.483 recebidos e R$ 528 enviados por Pix em 30 dias — 5,2× a renda mensal declarada de R$ 3.440."
A004099,T-52369,Titular (PF),R04,R04 · Conta pouco movimentada que acorda,"IV, e",18011.339999999997,2026-08-01,44.4,"R$ 18.011 movimentados em 30 dias, contra média mensal de R$ 729 nos 3 meses anteriores (25× a média, com piso de R$ 200)."
A004100,T-25896,Titular (PF),R01,R01 · Movimentação incompatível com a renda,"IV, a",17417.980000000003,2026-08-01,48.3,"R$ 16.563 recebidos e R$ 855 enviados por Pix em 30 dias — 5,4× a renda mensal declarada de R$ 3.210."
A004101,T-25896,Titular (PF),R04,R04 · Conta pouco movimentada que acorda,"IV, e",17417.980000000003,2026-08-01,48.3,"R$ 17.418 movimentados em 30 dias, contra média mensal de R$ 927 nos 3 meses anteriores (19× a média, com piso de R$ 200)."
A004102,T-77721,Titular (PF),R01,R01 · Movimentação incompatível com a renda,"IV, a",55470.94000000001,2026-08-01,48.9,"R$ 40.483 recebidos e R$ 14.988 enviados por Pix em 30 dias — 8,1× a renda mensal declarada de R$ 6.830."
A004103,T-77721,Titular (PF),R04,R04 · Conta pouco movimentada que acorda,"IV, e",55470.94000000001,2026-08-01,48.9,"R$ 55.471 movimentados em 30 dias, contra média mensal de R$ 2.124 nos 3 meses anteriores (26× a média, com piso de R$ 200)."
A004104,T-23197,Titular (PF),R01,R01 · Movimentação incompatível com a renda,"IV, a",20051.260000000006,2026-08-01,48.8,"R$ 19.249 recebidos e R$ 802 enviados por Pix em 30 dias — 5,1× a renda mensal declarada de R$ 3.920."
A004105,T-23197,Titular (PF),R04,R04 · Conta pouco movimentada que acorda,"IV, e",20051.260000000006,2026-08-01,48.8,"R$ 20.051 movimentados em 30 dias, contra média mensal de R$ 782 nos 3 meses anteriores (26× a média, com piso de R$ 200)."
A004107,T-02476,Titular (PF),R01,R01 · Movimentação incompatível com a renda,"IV, a",80189.54000000001,2026-08-01,73.0,"R$ 41.530 recebidos e R$ 38.659 enviados por Pix em 30 dias — 48,3× a renda mensal declarada de R$ 1.660."
A004108,T-02476,Titular (PF),R02,R02 · Muitas origens e saída rápida,"IV, n",8197.359999999993,2026-08-01,73.0,16 pagadores distintos mandaram R$ 8.197 em 7 dias; R$ 7.367 (90% do recebido) saiu da conta na mesma janela.
A004110,T-81479,Titular (PF),R01,R01 · Movimentação incompatível com a renda,"IV, a",87887.82999999997,2026-08-01,73.3,"R$ 46.138 recebidos e R$ 41.750 enviados por Pix em 30 dias — 41,9× a renda mensal declarada de R$ 2.100."
A004111,T-81479,Titular (PF),R02,R02 · Muitas origens e saída rápida,"IV, n",6317.489999999991,2026-08-01,73.3,17 pagadores distintos mandaram R$ 6.317 em 7 dias; R$ 5.578 (88% do recebido) saiu da conta na mesma janela.
A004115,T-24402,Titular (PF),R02,R02 · Muitas origens e saída rápida,"IV, n",6046.300000000003,2026-08-01,72.2,14 pagadores distintos mandaram R$ 6.046 em 7 dias; R$ 5.490 (91% do recebido) saiu da conta na mesma janela.
A004123,T-64447,Titular (PF),R02,R02 · Muitas origens e saída rápida,"IV, n",11904.669999999991,2026-08-01,73.5,28 pagadores distintos mandaram R$ 11.905 em 7 dias; R$ 10.666 (90% do recebido) saiu da conta na mesma janela.
A004124,T-51244,Titular (PF),R02,R02 · Muitas origens e saída rápida,"IV, n",10564.970000000008,2026-08-01,73.6,17 pagadores distintos mandaram R$ 10.565 em 7 dias; R$ 9.736 (92% do recebido) saiu da conta na mesma janela.
A004125,T-22168,Titular (PF),R02,R02 · Muitas origens e saída rápida,"IV, n",6150.019999999997,2026-08-01,62.7,11 pagadores distintos mandaram R$ 6.150 em 7 dias; R$ 5.766 (94% do recebido) saiu da conta na mesma janela.
A004130,T-04899,Titular (PF),R02,R02 · Muitas origens e saída rápida,"IV, n",9091.380000000005,2026-08-01,72.2,16 pagadores distintos mandaram R$ 9.091 em 7 dias; R$ 8.383 (92% do recebido) saiu da conta na mesma janela.
A004134,T-50007,Titular (PF),R02,R02 · Muitas origens e saída rápida,"IV, n",8349.469999999994,2026-08-01,72.9,16 pagadores distintos mandaram R$ 8.349 em 7 dias; R$ 7.341 (88% do recebido) saiu da conta na mesma janela.
A004137,T-62174,Titular (PF),R02,R02 · Muitas origens e saída rápida,"IV, n",8981.189999999995,2026-08-01,72.2,17 pagadores distintos mandaram R$ 8.981 em 7 dias; R$ 8.318 (93% do recebido) saiu da conta na mesma janela.
A004138,T-54995,Titular (PF),R02,R02 · Muitas origens e saída rápida,"IV, n",7079.049999999996,2026-08-01,71.4,15 pagadores distintos mandaram R$ 7.079 em 7 dias; R$ 6.544 (92% do recebido) saiu da conta na mesma janela.
A004139,T-47777,Titular (PF),R02,R02 · Muitas origens e saída rápida,"IV, n",9848.429999999993,2026-08-01,72.8,18 pagadores distintos mandaram R$ 9.848 em 7 dias; R$ 8.947 (91% do recebido) saiu da conta na mesma janela.
A004140,T-92939,Titular (PF),R02,R02 · Muitas origens e saída rápida,"IV, n",10018.950000000004,2026-08-01,72.6,20 pagadores distintos mandaram R$ 10.019 em 7 dias; R$ 9.192 (92% do recebido) saiu da conta na mesma janela.
A004141,T-83333,Titular (PF),R02,R02 · Muitas origens e saída rápida,"IV, n",8134.760000000002,2026-08-01,62.4,15 pagadores distintos mandaram R$ 8.135 em 7 dias; R$ 7.519 (92% do recebido) saiu da conta na mesma janela.
A004142,T-21010,Titular (PF),R02,R02 · Muitas origens e saída rápida,"IV, n",7519.8499999999985,2026-08-01,72.3,15 pagadores distintos mandaram R$ 7.520 em 7 dias; R$ 7.049 (94% do recebido) saiu da conta na mesma janela.
A004144,T-51938,Titular (PF),R01,R01 · Movimentação incompatível com a renda,"IV, a",91428.75,2026-08-01,73.6,"R$ 47.752 recebidos e R$ 43.677 enviados por Pix em 30 dias — 52,2× a renda mensal declarada de R$ 1.750."
A004145,T-51938,Titular (PF),R02,R02 · Muitas origens e saída rápida,"IV, n",10083.200000000004,2026-08-01,73.6,19 pagadores distintos mandaram R$ 10.083 em 7 dias; R$ 9.531 (95% do recebido) saiu da conta na mesma janela.
A004146,T-05653,Titular (PF),R02,R02 · Muitas origens e saída rápida,"IV, n",12420.589999999997,2026-08-01,72.0,25 pagadores distintos mandaram R$ 12.421 em 7 dias; R$ 11.292 (91% do recebido) saiu da conta na mesma janela.
A004147,T-46148,Titular (PF),R02,R02 · Muitas origens e saída rápida,"IV, n",8322.409999999996,2026-08-01,71.3,15 pagadores distintos mandaram R$ 8.322 em 7 dias; R$ 7.629 (92% do recebido) saiu da conta na mesma janela.
A004148,T-53985,Titular (PF),R02,R02 · Muitas origens e saída rápida,"IV, n",5769.5799999999945,2026-08-01,72.6,11 pagadores distintos mandaram R$ 5.770 em 7 dias; R$ 5.249 (91% do recebido) saiu da conta na mesma janela.
A004149,T-01160,Titular (PF),R02,R02 · Muitas origens e saída rápida,"IV, n",9157.319999999992,2026-08-01,76.7,16 pagadores distintos mandaram R$ 9.157 em 7 dias; R$ 8.637 (94% do recebido) saiu da conta na mesma janela.
A004150,T-76811,Titular (PF),R02,R02 · Muitas origens e saída rápida,"IV, n",9548.700000000004,2026-08-01,61.2,19 pagadores distintos mandaram R$ 9.549 em 7 dias; R$ 8.886 (93% do recebido) saiu da conta na mesma janela.
A004151,T-13964,Titular (PF),R02,R02 · Muitas origens e saída rápida,"IV, n",14779.410000000003,2026-08-01,73.3,27 pagadores distintos mandaram R$ 14.779 em 7 dias; R$ 13.753 (93% do recebido) saiu da conta na mesma janela.
A004152,L-17387,Estabelecimento (PJ),R05,R05 · Recebimento incompatível com o estabelecimento,"IV, w",136055.5169674987,2026-08-02,49.8,"R$ 136.056 recebidos no POS em 7 dias, 3,1× a receita semanal esperada (R$ 43.905); 8% vieram de cartões de uma mesma empresa cliente."
A004153,L-78119,Estabelecimento (PJ),R05,R05 · Recebimento incompatível com o estabelecimento,"IV, w",64098.40540583804,2026-08-02,46.7,"R$ 64.098 recebidos no POS em 7 dias, 3,4× a receita semanal esperada (R$ 18.747); 5% vieram de cartões de uma mesma empresa cliente."
A004154,T-44296,Titular (PF),R01,R01 · Movimentação incompatível com a renda,"IV, a",63027.0,2026-08-02,49.5,"R$ 33.248 recebidos e R$ 29.779 enviados por Pix em 30 dias — 16,5× a renda mensal declarada de R$ 3.820."
A004155,T-44296,Titular (PF),R04,R04 · Conta pouco movimentada que acorda,"IV, e",63027.0,2026-08-02,49.5,"R$ 63.027 movimentados em 30 dias, contra média mensal de R$ 2.026 nos 3 meses anteriores (31× a média, com piso de R$ 200)."
A004156,T-01011,Titular (PF),R01,R01 · Movimentação incompatível com a renda,"IV, a",38865.22,2026-08-02,51.5,"R$ 20.712 recebidos e R$ 18.153 enviados por Pix em 30 dias — 12,5× a renda mensal declarada de R$ 3.110."
A004157,T-01011,Titular (PF),R04,R04 · Conta pouco movimentada que acorda,"IV, e",38865.22,2026-08-02,51.5,"R$ 38.865 movimentados em 30 dias, contra média mensal de R$ 1.402 nos 3 meses anteriores (28× a média, com piso de R$ 200)."
A004158,T-35260,Titular (PF),R01,R01 · Movimentação incompatível com a renda,"IV, a",43772.36,2026-08-02,48.0,"R$ 26.446 recebidos e R$ 17.326 enviados por Pix em 30 dias — 16,2× a renda mensal declarada de R$ 2.700."
A004159,T-35260,Titular (PF),R04,R04 · Conta pouco movimentada que acorda,"IV, e",43772.36,2026-08-02,48.0,"R$ 43.772 movimentados em 30 dias, contra média mensal de R$ 777 nos 3 meses anteriores (56× a média, com piso de R$ 200)."
A004160,T-88154,Titular (PF),R01,R01 · Movimentação incompatível com a renda,"IV, a",56085.1,2026-08-02,49.0,"R$ 44.440 recebidos e R$ 11.645 enviados por Pix em 30 dias — 7,6× a renda mensal declarada de R$ 7.370."
A004161,T-88154,Titular (PF),R04,R04 · Conta pouco movimentada que acorda,"IV, e",56085.1,2026-08-02,49.0,"R$ 56.085 movimentados em 30 dias, contra média mensal de R$ 2.061 nos 3 meses anteriores (27× a média, com piso de R$ 200)."
A004162,T-09256,Titular (PF),R09,R09 · PEP com movimentação relevante,"IV, s",10218.659999999996,2026-08-02,44.3,"Titular PEP movimentou R$ 10.219 em 30 dias (R$ 9.818 recebidos, R$ 401 enviados); renda mensal declarada de R$ 12.760."
A004163,T-92196,Titular (PF),R01,R01 · Movimentação incompatível com a renda,"IV, a",83337.18,2026-08-02,54.6,"R$ 44.319 recebidos e R$ 39.018 enviados por Pix em 30 dias — 15,1× a renda mensal declarada de R$ 5.510."
A004164,T-92196,Titular (PF),R04,R04 · Conta pouco movimentada que acorda,"IV, e",83337.18,2026-08-02,54.6,"R$ 83.337 movimentados em 30 dias, contra média mensal de R$ 1.490 nos 3 meses anteriores (56× a média, com piso de R$ 200)."
A004165,T-24402,Titular (PF),R01,R01 · Movimentação incompatível com a renda,"IV, a",66670.80999999998,2026-08-02,72.2,"R$ 34.875 recebidos e R$ 31.795 enviados por Pix em 30 dias — 38,1× a renda mensal declarada de R$ 1.750."
A004166,T-22168,Titular (PF),R01,R01 · Movimentação incompatível com a renda,"IV, a",74732.62000000001,2026-08-02,62.7,"R$ 38.473 recebidos e R$ 36.260 enviados por Pix em 30 dias — 38,1× a renda mensal declarada de R$ 1.960."
A004167,T-33244,Titular (PF),R02,R02 · Muitas origens e saída rápida,"IV, n",5603.82,2026-08-02,71.8,11 pagadores distintos mandaram R$ 5.604 em 7 dias; R$ 5.153 (92% do recebido) saiu da conta na mesma janela.
A004168,T-45233,Titular (PF),R01,R01 · Movimentação incompatível com a renda,"IV, a",76488.26000000001,2026-08-02,72.7,"R$ 39.309 recebidos e R$ 37.179 enviados por Pix em 30 dias — 34,8× a renda mensal declarada de R$ 2.200."
A004169,T-45233,Titular (PF),R02,R02 · Muitas origens e saída rápida,"IV, n",5413.580000000009,2026-08-02,72.7,12 pagadores distintos mandaram R$ 5.414 em 7 dias; R$ 5.369 (99% do recebido) saiu da conta na mesma janela.
A004170,T-01160,Titular (PF),R01,R01 · Movimentação incompatível com a renda,"IV, a",105252.93999999999,2026-08-02,76.7,"R$ 54.854 recebidos e R$ 50.398 enviados por Pix em 30 dias — 60,8× a renda mensal declarada de R$ 1.730."
A004171,T-01160,Titular (PF),R04,R04 · Conta pouco movimentada que acorda,"IV, e",105252.93999999999,2026-08-02,76.7,"R$ 105.253 movimentados em 30 dias, contra média mensal de R$ 7.985 nos 3 meses anteriores (13× a média, com piso de R$ 200)."
A004173,L-41167,Estabelecimento (PJ),R05,R05 · Recebimento incompatível com o estabelecimento,"IV, w",24031.933469268144,2026-08-03,74.0,"R$ 24.032 recebidos no POS em 7 dias, 3,5× a receita semanal esperada (R$ 6.898); 76% vieram de cartões de uma mesma empresa cliente."
A004174,L-32062,Estabelecimento (PJ),R05,R05 · Recebimento incompatível com o estabelecimento,"IV, w",23154.22444780753,2026-08-03,70.4,"R$ 23.154 recebidos no POS em 7 dias, 3,0× a receita semanal esperada (R$ 7.642); 77% vieram de cartões de uma mesma empresa cliente."
A004175,L-32062,Estabelecimento (PJ),R06,R06 · Transações em horário incompatível,"IV, y",23154.22444780753,2026-08-03,70.4,"16 de 60 transações (27%) entre 23h e 5h em 7 dias, num estabelecimento de horário comercial (padaria e mercearia)."
A004177,T-43268,Titular (PF),R01,R01 · Movimentação incompatível com a renda,"IV, a",17547.520000000004,2026-08-03,31.5,"R$ 16.764 recebidos e R$ 783 enviados por Pix em 30 dias — 3,1× a renda mensal declarada de R$ 5.700."
A004178,T-48680,Titular (PF),R01,R01 · Movimentação incompatível com a renda,"IV, a",27525.960000000003,2026-08-03,50.1,"R$ 27.155 recebidos e R$ 370 enviados por Pix em 30 dias — 13,9× a renda mensal declarada de R$ 1.980."
A004179,T-48680,Titular (PF),R04,R04 · Conta pouco movimentada que acorda,"IV, e",27525.960000000003,2026-08-03,50.1,"R$ 27.526 movimentados em 30 dias, contra média mensal de R$ 435 nos 3 meses anteriores (63× a média, com piso de R$ 200)."
A004183,T-65128,Titular (PF),R01,R01 · Movimentação incompatível com a renda,"IV, a",56212.39,2026-08-04,49.0,"R$ 28.857 recebidos e R$ 27.355 enviados por Pix em 30 dias — 27,8× a renda mensal declarada de R$ 2.020."
A004184,T-65128,Titular (PF),R04,R04 · Conta pouco movimentada que acorda,"IV, e",56212.39,2026-08-04,49.0,"R$ 56.212 movimentados em 30 dias, contra média mensal de R$ 724 nos 3 meses anteriores (78× a média, com piso de R$ 200)."
A004185,T-11538,Titular (PF),R01,R01 · Movimentação incompatível com a renda,"IV, a",71036.07,2026-08-04,54.9,"R$ 39.503 recebidos e R$ 31.533 enviados por Pix em 30 dias — 19,1× a renda mensal declarada de R$ 3.710."
A004186,T-11538,Titular (PF),R04,R04 · Conta pouco movimentada que acorda,"IV, e",71036.07,2026-08-04,54.9,"R$ 71.036 movimentados em 30 dias, contra média mensal de R$ 1.358 nos 3 meses anteriores (52× a média, com piso de R$ 200)."
A004187,T-15058,Titular (PF),R01,R01 · Movimentação incompatível com a renda,"IV, a",53362.53999999999,2026-08-04,52.8,"R$ 32.174 recebidos e R$ 21.188 enviados por Pix em 30 dias — 27,5× a renda mensal declarada de R$ 1.940."
A004188,T-15058,Titular (PF),R04,R04 · Conta pouco movimentada que acorda,"IV, e",53362.53999999999,2026-08-04,52.8,"R$ 53.363 movimentados em 30 dias, contra média mensal de R$ 623 nos 3 meses anteriores (86× a média, com piso de R$ 200)."
A004189,T-79186,Titular (PF),R01,R01 · Movimentação incompatível com a renda,"IV, a",41048.689999999995,2026-08-04,47.7,"R$ 29.198 recebidos e R$ 11.851 enviados por Pix em 30 dias — 10,6× a renda mensal declarada de R$ 3.860."
A004190,T-79186,Titular (PF),R04,R04 · Conta pouco movimentada que acorda,"IV, e",41048.689999999995,2026-08-04,47.7,"R$ 41.049 movimentados em 30 dias, contra média mensal de R$ 1.113 nos 3 meses anteriores (37× a média, com piso de R$ 200)."
A004192,T-64447,Titular (PF),R01,R01 · Movimentação incompatível com a renda,"IV, a",86699.51999999999,2026-08-04,73.5,"R$ 45.096 recebidos e R$ 41.603 enviados por Pix em 30 dias — 54,2× a renda mensal declarada de R$ 1.600."
A004193,L-41167,Estabelecimento (PJ),R06,R06 · Transações em horário incompatível,"IV, y",89572.74711285112,2026-08-05,74.0,"34 de 110 transações (31%) entre 23h e 5h em 7 dias, num estabelecimento de horário comercial (padaria e mercearia)."
A004196,T-29508,Titular (PF),R01,R01 · Movimentação incompatível com a renda,"IV, a",70140.08999999998,2026-08-05,49.9,"R$ 37.575 recebidos e R$ 32.565 enviados por Pix em 30 dias — 16,5× a renda mensal declarada de R$ 4.250."
A004197,T-29508,Titular (PF),R04,R04 · Conta pouco movimentada que acorda,"IV, e",70140.08999999998,2026-08-05,49.9,"R$ 70.140 movimentados em 30 dias, contra média mensal de R$ 3.149 nos 3 meses anteriores (22× a média, com piso de R$ 200)."
A004199,T-17896,Titular (PF),R01,R01 · Movimentação incompatível com a renda,"IV, a",78515.82999999999,2026-08-05,50.3,"R$ 43.384 recebidos e R$ 35.132 enviados por Pix em 30 dias — 67,1× a renda mensal declarada de R$ 1.170."
A004200,T-17896,Titular (PF),R04,R04 · Conta pouco movimentada que acorda,"IV, e",78515.82999999999,2026-08-05,50.3,"R$ 78.516 movimentados em 30 dias, contra média mensal de R$ 729 nos 3 meses anteriores (108× a média, com piso de R$ 200)."
A004201,T-64317,Titular (PF),R01,R01 · Movimentação incompatível com a renda,"IV, a",13584.710000000003,2026-08-05,43.3,"R$ 13.541 recebidos e R$ 44 enviados por Pix em 30 dias — 6,1× a renda mensal declarada de R$ 2.210."
A004202,T-64317,Titular (PF),R04,R04 · Conta pouco movimentada que acorda,"IV, e",13584.710000000003,2026-08-05,43.3,"R$ 13.585 movimentados em 30 dias, contra média mensal de R$ 673 nos 3 meses anteriores (20× a média, com piso de R$ 200)."
A004203,T-50532,Titular (PF),R01,R01 · Movimentação incompatível com a renda,"IV, a",56966.92999999999,2026-08-05,53.1,"R$ 28.485 recebidos e R$ 28.482 enviados por Pix em 30 dias — 6,5× a renda mensal declarada de R$ 8.820."
A004204,T-50532,Titular (PF),R04,R04 · Conta pouco movimentada que acorda,"IV, e",56966.92999999999,2026-08-05,53.1,"R$ 56.967 movimentados em 30 dias, contra média mensal de R$ 3.367 nos 3 meses anteriores (17× a média, com piso de R$ 200)."
A004205,T-32257,Titular (PF),R01,R01 · Movimentação incompatível com a renda,"IV, a",43336.600000000006,2026-08-05,49.2,"R$ 22.626 recebidos e R$ 20.710 enviados por Pix em 30 dias — 8,9× a renda mensal declarada de R$ 4.860."
A004208,E-9739,Empresa cliente (PJ),R07,R07 · Recarga incompatível com o porte da empresa,"IV, ac",152385.15625,2026-08-06,65.2,R$ 152.385 em recargas de benefício em 30 dias para 24 colaboradores ativos — R$ 6.349 por pessoa. Faturamento mensal declarado de R$ 82.293; cliente desde 03/2026.
A004209,L-67643,Estabelecimento (PJ),R05,R05 · Recebimento incompatível com o estabelecimento,"IV, w",15414.606311598764,2026-08-06,41.0,"R$ 15.415 recebidos no POS em 7 dias, 4,4× a receita semanal esperada (R$ 3.515); 16% vieram de cartões de uma mesma empresa cliente."
A004210,T-19980,Titular (PF),R01,R01 · Movimentação incompatível com a renda,"IV, a",32968.17,2026-08-06,46.9,"R$ 30.525 recebidos e R$ 2.443 enviados por Pix em 30 dias — 6,2× a renda mensal declarada de R$ 5.340."
A004211,T-19980,Titular (PF),R04,R04 · Conta pouco movimentada que acorda,"IV, e",32968.17,2026-08-06,46.9,"R$ 32.968 movimentados em 30 dias, contra média mensal de R$ 1.435 nos 3 meses anteriores (23× a média, com piso de R$ 200)."
A004212,T-35878,Titular (PF),R01,R01 · Movimentação incompatível com a renda,"IV, a",45831.13,2026-08-06,48.2,"R$ 27.474 recebidos e R$ 18.357 enviados por Pix em 30 dias — 12,5× a renda mensal declarada de R$ 3.660."
A004213,T-35878,Titular (PF),R04,R04 · Conta pouco movimentada que acorda,"IV, e",45831.13,2026-08-06,48.2,"R$ 45.831 movimentados em 30 dias, contra média mensal de R$ 1.308 nos 3 meses anteriores (35× a média, com piso de R$ 200)."
A004214,T-67425,Titular (PF),R04,R04 · Conta pouco movimentada que acorda,"IV, e",32039.909999999993,2026-08-06,28.9,"R$ 32.040 movimentados em 30 dias, contra média mensal de R$ 1.904 nos 3 meses anteriores (17× a média, com piso de R$ 200)."
A004215,T-10366,Titular (PF),R01,R01 · Movimentação incompatível com a renda,"IV, a",25750.940000000002,2026-08-06,49.9,"R$ 24.642 recebidos e R$ 1.108 enviados por Pix em 30 dias — 3,9× a renda mensal declarada de R$ 6.660."
A004216,T-10366,Titular (PF),R04,R04 · Conta pouco movimentada que acorda,"IV, e",25750.940000000002,2026-08-06,49.9,"R$ 25.751 movimentados em 30 dias, contra média mensal de R$ 1.853 nos 3 meses anteriores (14× a média, com piso de R$ 200)."
A004217,T-60426,Titular (PF),R01,R01 · Movimentação incompatível com a renda,"IV, a",24361.83,2026-08-06,32.8,"R$ 13.314 recebidos e R$ 11.047 enviados por Pix em 30 dias — 5,3× a renda mensal declarada de R$ 4.560."
A004220,T-60789,Titular (PF),R01,R01 · Movimentação incompatível com a renda,"IV, a",17120.75,2026-08-06,44.2,"R$ 9.281 recebidos e R$ 7.840 enviados por Pix em 30 dias — 8,7× a renda mensal declarada de R$ 1.970."
A004221,T-60789,Titular (PF),R04,R04 · Conta pouco movimentada que acorda,"IV, e",17120.75,2026-08-06,44.2,"R$ 17.121 movimentados em 30 dias, contra média mensal de R$ 599 nos 3 meses anteriores (29× a média, com piso de R$ 200)."
A004222,T-76986,Titular (PF),R01,R01 · Movimentação incompatível com a renda,"IV, a",55823.34,2026-08-06,49.0,"R$ 31.424 recebidos e R$ 24.400 enviados por Pix em 30 dias — 24,5× a renda mensal declarada de R$ 2.280."
A004223,T-76986,Titular (PF),R04,R04 · Conta pouco movimentada que acorda,"IV, e",55823.34,2026-08-06,49.0,"R$ 55.823 movimentados em 30 dias, contra média mensal de R$ 652 nos 3 meses anteriores (86× a média, com piso de R$ 200)."
A004224,T-50007,Titular (PF),R01,R01 · Movimentação incompatível com a renda,"IV, a",76220.63999999998,2026-08-06,72.9,"R$ 39.860 recebidos e R$ 36.361 enviados por Pix em 30 dias — 33,9× a renda mensal declarada de R$ 2.250."
A004226,T-09462,Titular (PF),R01,R01 · Movimentação incompatível com a renda,"IV, a",42605.59999999999,2026-08-07,47.9,"R$ 22.905 recebidos e R$ 19.700 enviados por Pix em 30 dias — 8,9× a renda mensal declarada de R$ 4.770."
A004227,T-09462,Titular (PF),R04,R04 · Conta pouco movimentada que acorda,"IV, e",42605.59999999999,2026-08-07,47.9,"R$ 42.606 movimentados em 30 dias, contra média mensal de R$ 1.456 nos 3 meses anteriores (29× a média, com piso de R$ 200)."
A004229,T-07786,Titular (PF),R01,R01 · Movimentação incompatível com a renda,"IV, a",20661.620000000003,2026-08-07,45.0,"R$ 20.014 recebidos e R$ 648 enviados por Pix em 30 dias — 6,1× a renda mensal declarada de R$ 3.410."
A004230,T-07786,Titular (PF),R04,R04 · Conta pouco movimentada que acorda,"IV, e",20661.620000000003,2026-08-07,45.0,"R$ 20.662 movimentados em 30 dias, contra média mensal de R$ 1.696 nos 3 meses anteriores (12× a média, com piso de R$ 200)."
A004231,T-87410,Titular (PF),R01,R01 · Movimentação incompatível com a renda,"IV, a",49759.52999999999,2026-08-07,48.5,"R$ 30.610 recebidos e R$ 19.150 enviados por Pix em 30 dias — 15,5× a renda mensal declarada de R$ 3.210."
A004232,T-87410,Titular (PF),R04,R04 · Conta pouco movimentada que acorda,"IV, e",49759.52999999999,2026-08-07,48.5,"R$ 49.760 movimentados em 30 dias, contra média mensal de R$ 1.283 nos 3 meses anteriores (39× a média, com piso de R$ 200)."
A004233,T-56822,Titular (PF),R01,R01 · Movimentação incompatível com a renda,"IV, a",30728.300000000003,2026-08-07,37.8,"R$ 25.563 recebidos e R$ 5.165 enviados por Pix em 30 dias — 3,2× a renda mensal declarada de R$ 9.660."
A004234,T-34658,Titular (PF),R01,R01 · Movimentação incompatível com a renda,"IV, a",22955.239999999998,2026-08-07,45.4,"R$ 22.301 recebidos e R$ 655 enviados por Pix em 30 dias — 5,7× a renda mensal declarada de R$ 4.030."
A004235,T-34658,Titular (PF),R04,R04 · Conta pouco movimentada que acorda,"IV, e",22955.239999999998,2026-08-07,45.4,"R$ 22.955 movimentados em 30 dias, contra média mensal de R$ 1.242 nos 3 meses anteriores (18× a média, com piso de R$ 200)."
A004236,T-83903,Titular (PF),R01,R01 · Movimentação incompatível com a renda,"IV, a",74752.25999999998,2026-08-07,50.1,"R$ 40.733 recebidos e R$ 34.019 enviados por Pix em 30 dias — 8,6× a renda mensal declarada de R$ 8.670."
A004237,T-83903,Titular (PF),R04,R04 · Conta pouco movimentada que acorda,"IV, e",74752.25999999998,2026-08-07,50.1,"R$ 74.752 movimentados em 30 dias, contra média mensal de R$ 1.349 nos 3 meses anteriores (55× a média, com piso de R$ 200)."
A004238,T-46358,Titular (PF),R03,R03 · Transferências logo abaixo do limite,"IV, b",14131.22,2026-08-07,65.5,"3 Pix enviados entre R$ 4.500 e R$ 5.000 em 7 dias, somando R$ 14.131 — o limite por transação é R$ 5.000."
A004239,T-71421,Titular (PF),R01,R01 · Movimentação incompatível com a renda,"IV, a",49094.61,2026-08-07,48.5,"R$ 29.399 recebidos e R$ 19.696 enviados por Pix em 30 dias — 10,2× a renda mensal declarada de R$ 4.790."
A004240,T-71421,Titular (PF),R04,R04 · Conta pouco movimentada que acorda,"IV, e",49094.61,2026-08-07,48.5,"R$ 49.095 movimentados em 30 dias, contra média mensal de R$ 1.944 nos 3 meses anteriores (25× a média, com piso de R$ 200)."
A004242,L-72149,Estabelecimento (PJ),R05,R05 · Recebimento incompatível com o estabelecimento,"IV, w",23052.224842708034,2026-08-08,42.6,"R$ 23.052 recebidos no POS em 7 dias, 3,1× a receita semanal esperada (R$ 7.499); 15% vieram de cartões de uma mesma empresa cliente."
A004244,T-39034,Titular (PF),R01,R01 · Movimentação incompatível com a renda,"IV, a",71624.51999999997,2026-08-08,65.0,"R$ 36.715 recebidos e R$ 34.910 enviados por Pix em 30 dias — 3,2× a renda mensal declarada de R$ 22.470."
A004245,T-39034,Titular (PF),R09,R09 · PEP com movimentação relevante,"IV, s",71624.51999999997,2026-08-08,65.0,"Titular PEP movimentou R$ 71.625 em 30 dias (R$ 36.715 recebidos, R$ 34.910 enviados); renda mensal declarada de R$ 22.470."
A004246,T-54554,Titular (PF),R01,R01 · Movimentação incompatível com a renda,"IV, a",66261.4,2026-08-08,49.7,"R$ 42.659 recebidos e R$ 23.602 enviados por Pix em 30 dias — 13,8× a renda mensal declarada de R$ 4.790."
A004247,T-54554,Titular (PF),R04,R04 · Conta pouco movimentada que acorda,"IV, e",66261.4,2026-08-08,49.7,"R$ 66.261 movimentados em 30 dias, contra média mensal de R$ 799 nos 3 meses anteriores (83× a média, com piso de R$ 200)."
A004248,T-85689,Titular (PF),R01,R01 · Movimentação incompatível com a renda,"IV, a",21131.039999999994,2026-08-08,45.1,"R$ 21.131 recebidos e R$ 0 enviados por Pix em 30 dias — 4,9× a renda mensal declarada de R$ 4.320."
A004249,T-85689,Titular (PF),R04,R04 · Conta pouco movimentada que acorda,"IV, e",21131.039999999994,2026-08-08,45.1,"R$ 21.131 movimentados em 30 dias, contra média mensal de R$ 1.230 nos 3 meses anteriores (17× a média, com piso de R$ 200)."
A004250,T-82361,Titular (PF),R01,R01 · Movimentação incompatível com a renda,"IV, a",11742.649999999994,2026-08-08,29.9,"R$ 11.631 recebidos e R$ 112 enviados por Pix em 30 dias — 3,4× a renda mensal declarada de R$ 3.470."
A004251,T-20834,Titular (PF),R01,R01 · Movimentação incompatível com a renda,"IV, a",65185.38,2026-08-08,49.6,"R$ 33.952 recebidos e R$ 31.234 enviados por Pix em 30 dias — 8,0× a renda mensal declarada de R$ 8.130."
A004252,T-20834,Titular (PF),R04,R04 · Conta pouco movimentada que acorda,"IV, e",65185.38,2026-08-08,49.6,"R$ 65.185 movimentados em 30 dias, contra média mensal de R$ 4.805 nos 3 meses anteriores (14× a média, com piso de R$ 200)."
A004253,T-10288,Titular (PF),R01,R01 · Movimentação incompatível com a renda,"IV, a",31114.350000000002,2026-08-08,46.6,"R$ 20.463 recebidos e R$ 10.652 enviados por Pix em 30 dias — 7,5× a renda mensal declarada de R$ 4.170."
A004254,T-10288,Titular (PF),R04,R04 · Conta pouco movimentada que acorda,"IV, e",31114.350000000002,2026-08-08,46.6,"R$ 31.114 movimentados em 30 dias, contra média mensal de R$ 1.481 nos 3 meses anteriores (21× a média, com piso de R$ 200)."
A004255,T-12712,Titular (PF),R01,R01 · Movimentação incompatível com a renda,"IV, a",10802.27,2026-08-08,52.4,"R$ 9.289 recebidos e R$ 1.513 enviados por Pix em 30 dias — 3,3× a renda mensal declarada de R$ 3.300."
A004256,T-12712,Titular (PF),R04,R04 · Conta pouco movimentada que acorda,"IV, e",10802.27,2026-08-08,52.4,"R$ 10.802 movimentados em 30 dias, contra média mensal de R$ 347 nos 3 meses anteriores (31× a média, com piso de R$ 200)."
A004257,T-81746,Titular (PF),R01,R01 · Movimentação incompatível com a renda,"IV, a",23014.05,2026-08-08,49.4,"R$ 22.628 recebidos e R$ 387 enviados por Pix em 30 dias — 6,8× a renda mensal declarada de R$ 3.390."
A004258,T-81746,Titular (PF),R04,R04 · Conta pouco movimentada que acorda,"IV, e",23014.05,2026-08-08,49.4,"R$ 23.014 movimentados em 30 dias, contra média mensal de R$ 1.840 nos 3 meses anteriores (13× a média, com piso de R$ 200)."
A004260,T-51244,Titular (PF),R01,R01 · Movimentação incompatível com a renda,"IV, a",91924.91,2026-08-08,73.6,"R$ 47.442 recebidos e R$ 44.483 enviados por Pix em 30 dias — 44,8× a renda mensal declarada de R$ 2.050."
A004262,T-11132,Titular (PF),R04,R04 · Conta pouco movimentada que acorda,"IV, e",20471.54,2026-08-08,27.1,"R$ 20.472 movimentados em 30 dias, contra média mensal de R$ 42 nos 3 meses anteriores (102× a média, com piso de R$ 200)."
A004263,T-01957,Titular (PF),R01,R01 · Movimentação incompatível com a renda,"IV, a",62079.619999999995,2026-08-09,49.4,"R$ 35.227 recebidos e R$ 26.852 enviados por Pix em 30 dias — 7,7× a renda mensal declarada de R$ 8.050."
A004264,T-01957,Titular (PF),R04,R04 · Conta pouco movimentada que acorda,"IV, e",62079.619999999995,2026-08-09,49.4,"R$ 62.080 movimentados em 30 dias, contra média mensal de R$ 2.433 nos 3 meses anteriores (26× a média, com piso de R$ 200)."
A004265,T-23354,Titular (PF),R01,R01 · Movimentação incompatível com a renda,"IV, a",13004.199999999983,2026-08-09,44.3,"R$ 454 recebidos e R$ 12.550 enviados por Pix em 30 dias — 5,4× a renda mensal declarada de R$ 2.390."
A004266,T-97230,Titular (PF),R01,R01 · Movimentação incompatível com a renda,"IV, a",42330.69,2026-08-09,56.9,"R$ 41.936 recebidos e R$ 395 enviados por Pix em 30 dias — 15,0× a renda mensal declarada de R$ 2.820."
A004267,T-97230,Titular (PF),R04,R04 · Conta pouco movimentada que acorda,"IV, e",42330.69,2026-08-09,56.9,"R$ 42.331 movimentados em 30 dias, contra média mensal de R$ 878 nos 3 meses anteriores (48× a média, com piso de R$ 200)."
A004268,T-33244,Titular (PF),R01,R01 · Movimentação incompatível com a renda,"IV, a",59251.100000000006,2026-08-09,71.8,"R$ 30.814 recebidos e R$ 28.437 enviados por Pix em 30 dias — 29,0× a renda mensal declarada de R$ 2.040."
A004269,L-78041,Estabelecimento (PJ),R05,R05 · Recebimento incompatível com o estabelecimento,"IV, w",20835.865012838796,2026-08-10,42.2,"R$ 20.836 recebidos no POS em 7 dias, 3,5× a receita semanal esperada (R$ 5.966); 14% vieram de cartões de uma mesma empresa cliente."
A004270,T-68057,Titular (PF),R01,R01 · Movimentação incompatível com a renda,"IV, a",14061.129999999997,2026-08-10,30.6,"R$ 13.007 recebidos e R$ 1.054 enviados por Pix em 30 dias — 6,5× a renda mensal declarada de R$ 2.170."
A004271,T-46317,Titular (PF),R01,R01 · Movimentação incompatível com a renda,"IV, a",15620.02,2026-08-10,35.1,"R$ 14.977 recebidos e R$ 643 enviados por Pix em 30 dias — 3,1× a renda mensal declarada de R$ 4.980."
A004272,T-59343,Titular (PF),R01,R01 · Movimentação incompatível com a renda,"IV, a",31977.099999999995,2026-08-10,46.7,"R$ 30.316 recebidos e R$ 1.661 enviados por Pix em 30 dias — 10,5× a renda mensal declarada de R$ 3.040."
A004273,T-59343,Titular (PF),R04,R04 · Conta pouco movimentada que acorda,"IV, e",31977.099999999995,2026-08-10,46.7,"R$ 31.977 movimentados em 30 dias, contra média mensal de R$ 1.695 nos 3 meses anteriores (19× a média, com piso de R$ 200)."
A004275,T-47777,Titular (PF),R01,R01 · Movimentação incompatível com a renda,"IV, a",73834.08999999998,2026-08-10,72.8,"R$ 38.629 recebidos e R$ 35.205 enviados por Pix em 30 dias — 45,3× a renda mensal declarada de R$ 1.630."
A004276,T-29844,Titular (PF),R01,R01 · Movimentação incompatível com a renda,"IV, a",28343.729999999996,2026-08-11,46.2,"R$ 15.319 recebidos e R$ 13.024 enviados por Pix em 30 dias — 5,1× a renda mensal declarada de R$ 5.610."
A004277,T-29844,Titular (PF),R04,R04 · Conta pouco movimentada que acorda,"IV, e",28343.729999999996,2026-08-11,46.2,"R$ 28.344 movimentados em 30 dias, contra média mensal de R$ 1.490 nos 3 meses anteriores (19× a média, com piso de R$ 200)."
A004279,T-74703,Titular (PF),R01,R01 · Movimentação incompatível com a renda,"IV, a",31995.940000000002,2026-08-11,46.7,"R$ 15.769 recebidos e R$ 16.227 enviados por Pix em 30 dias — 8,7× a renda mensal declarada de R$ 3.680."
A004280,T-74703,Titular (PF),R04,R04 · Conta pouco movimentada que acorda,"IV, e",31995.940000000002,2026-08-11,46.7,"R$ 31.996 movimentados em 30 dias, contra média mensal de R$ 1.440 nos 3 meses anteriores (22× a média, com piso de R$ 200)."
A004281,T-69527,Titular (PF),R01,R01 · Movimentação incompatível com a renda,"IV, a",33394.14,2026-08-11,46.9,"R$ 31.952 recebidos e R$ 1.442 enviados por Pix em 30 dias — 12,0× a renda mensal declarada de R$ 2.790."
A004282,T-69527,Titular (PF),R04,R04 · Conta pouco movimentada que acorda,"IV, e",33394.14,2026-08-11,46.9,"R$ 33.394 movimentados em 30 dias, contra média mensal de R$ 730 nos 3 meses anteriores (46× a média, com piso de R$ 200)."
A004283,T-15383,Titular (PF),R01,R01 · Movimentação incompatível com a renda,"IV, a",49268.189999999995,2026-08-11,48.5,"R$ 31.646 recebidos e R$ 17.622 enviados por Pix em 30 dias — 7,5× a renda mensal declarada de R$ 6.600."
A004284,T-15383,Titular (PF),R04,R04 · Conta pouco movimentada que acorda,"IV, e",49268.189999999995,2026-08-11,48.5,"R$ 49.268 movimentados em 30 dias, contra média mensal de R$ 2.377 nos 3 meses anteriores (21× a média, com piso de R$ 200)."
A004285,T-13003,Titular (PF),R01,R01 · Movimentação incompatível com a renda,"IV, a",74686.65999999997,2026-08-11,50.1,"R$ 39.938 recebidos e R$ 34.749 enviados por Pix em 30 dias — 28,0× a renda mensal declarada de R$ 2.670."
A004286,T-13003,Titular (PF),R04,R04 · Conta pouco movimentada que acorda,"IV, e",74686.65999999997,2026-08-11,50.1,"R$ 74.687 movimentados em 30 dias, contra média mensal de R$ 589 nos 3 meses anteriores (127× a média, com piso de R$ 200)."
A004287,T-78951,Titular (PF),R04,R04 · Conta pouco movimentada que acorda,"IV, e",22576.1,2026-08-11,27.5,"R$ 22.576 movimentados em 30 dias, contra média mensal de R$ 2.188 nos 3 meses anteriores (10× a média, com piso de R$ 200)."
A004288,L-84539,Estabelecimento (PJ),R05,R05 · Recebimento incompatível com o estabelecimento,"IV, w",60184.82177627343,2026-08-12,46.5,"R$ 60.185 recebidos no POS em 7 dias, 3,1× a receita semanal esperada (R$ 19.546); 13% vieram de cartões de uma mesma empresa cliente."
A004289,T-97800,Titular (PF),R01,R01 · Movimentação incompatível com a renda,"IV, a",34701.0,2026-08-12,51.1,"R$ 31.700 recebidos e R$ 3.001 enviados por Pix em 30 dias — 6,6× a renda mensal declarada de R$ 5.280."
A004290,T-97800,Titular (PF),R04,R04 · Conta pouco movimentada que acorda,"IV, e",34701.0,2026-08-12,51.1,"R$ 34.701 movimentados em 30 dias, contra média mensal de R$ 1.569 nos 3 meses anteriores (22× a média, com piso de R$ 200)."
A004291,T-74519,Titular (PF),R01,R01 · Movimentação incompatível com a renda,"IV, a",44690.169999999984,2026-08-12,52.1,"R$ 44.161 recebidos e R$ 529 enviados por Pix em 30 dias — 6,5× a renda mensal declarada de R$ 6.890."
A004292,T-74519,Titular (PF),R04,R04 · Conta pouco movimentada que acorda,"IV, e",44690.169999999984,2026-08-12,52.1,"R$ 44.690 movimentados em 30 dias, contra média mensal de R$ 2.333 nos 3 meses anteriores (19× a média, com piso de R$ 200)."
A004293,T-58423,Titular (PF),R01,R01 · Movimentação incompatível com a renda,"IV, a",24088.379999999997,2026-08-12,55.6,"R$ 24.013 recebidos e R$ 76 enviados por Pix em 30 dias — 10,3× a renda mensal declarada de R$ 2.330."
A004294,T-58423,Titular (PF),R04,R04 · Conta pouco movimentada que acorda,"IV, e",24088.379999999997,2026-08-12,55.6,"R$ 24.088 movimentados em 30 dias, contra média mensal de R$ 466 nos 3 meses anteriores (52× a média, com piso de R$ 200)."
A004295,T-82719,Titular (PF),R02,R02 · Muitas origens e saída rápida,"IV, n",3822.2400000000002,2026-08-12,40.4,45 pagadores distintos mandaram R$ 3.822 em 7 dias; R$ 3.638 (95% do recebido) saiu da conta na mesma janela.
A004296,T-92684,Titular (PF),R01,R01 · Movimentação incompatível com a renda,"IV, a",49652.909999999996,2026-08-12,52.5,"R$ 25.698 recebidos e R$ 23.955 enviados por Pix em 30 dias — 31,8× a renda mensal declarada de R$ 1.560."
A004297,T-92684,Titular (PF),R04,R04 · Conta pouco movimentada que acorda,"IV, e",49652.909999999996,2026-08-12,52.5,"R$ 49.653 movimentados em 30 dias, contra média mensal de R$ 487 nos 3 meses anteriores (102× a média, com piso de R$ 200)."
A004298,T-05723,Titular (PF),R01,R01 · Movimentação incompatível com a renda,"IV, a",24912.110000000008,2026-08-12,45.7,"R$ 18.549 recebidos e R$ 6.363 enviados por Pix em 30 dias — 7,2× a renda mensal declarada de R$ 3.450."
A004299,T-05723,Titular (PF),R04,R04 · Conta pouco movimentada que acorda,"IV, e",24912.110000000008,2026-08-12,45.7,"R$ 24.912 movimentados em 30 dias, contra média mensal de R$ 1.329 nos 3 meses anteriores (19× a média, com piso de R$ 200)."
A004300,T-02387,Titular (PF),R01,R01 · Movimentação incompatível com a renda,"IV, a",21327.910000000003,2026-08-12,45.1,"R$ 18.776 recebidos e R$ 2.552 enviados por Pix em 30 dias — 6,8× a renda mensal declarada de R$ 3.130."
A004301,T-02387,Titular (PF),R04,R04 · Conta pouco movimentada que acorda,"IV, e",21327.910000000003,2026-08-12,45.1,"R$ 21.328 movimentados em 30 dias, contra média mensal de R$ 760 nos 3 meses anteriores (28× a média, com piso de R$ 200)."
A004302,T-42481,Titular (PF),R01,R01 · Movimentação incompatível com a renda,"IV, a",30762.02,2026-08-12,37.8,"R$ 15.540 recebidos e R$ 15.222 enviados por Pix em 30 dias — 4,0× a renda mensal declarada de R$ 7.780."
A004303,T-42899,Titular (PF),R01,R01 · Movimentação incompatível com a renda,"IV, a",32466.680000000004,2026-08-12,46.8,"R$ 32.279 recebidos e R$ 188 enviados por Pix em 30 dias — 5,5× a renda mensal declarada de R$ 5.860."
A004304,T-42899,Titular (PF),R04,R04 · Conta pouco movimentada que acorda,"IV, e",32466.680000000004,2026-08-12,46.8,"R$ 32.467 movimentados em 30 dias, contra média mensal de R$ 3.111 nos 3 meses anteriores (10× a média, com piso de R$ 200)."
A004305,T-96537,Titular (PF),R01,R01 · Movimentação incompatível com a renda,"IV, a",54562.15,2026-08-12,48.9,"R$ 27.951 recebidos e R$ 26.611 enviados por Pix em 30 dias — 10,9× a renda mensal declarada de R$ 5.020."
A004306,T-96537,Titular (PF),R04,R04 · Conta pouco movimentada que acorda,"IV, e",54562.15,2026-08-12,48.9,"R$ 54.562 movimentados em 30 dias, contra média mensal de R$ 1.393 nos 3 meses anteriores (39× a média, com piso de R$ 200)."
A004307,T-56619,Titular (PF),R01,R01 · Movimentação incompatível com a renda,"IV, a",32120.280000000002,2026-08-12,46.7,"R$ 31.834 recebidos e R$ 286 enviados por Pix em 30 dias — 9,2× a renda mensal declarada de R$ 3.480."
A004308,T-56619,Titular (PF),R04,R04 · Conta pouco movimentada que acorda,"IV, e",32120.280000000002,2026-08-12,46.7,"R$ 32.120 movimentados em 30 dias, contra média mensal de R$ 0 nos 3 meses anteriores (161× a média, com piso de R$ 200)."
A004310,L-58795,Estabelecimento (PJ),R05,R05 · Recebimento incompatível com o estabelecimento,"IV, w",25716.173788321437,2026-08-13,47.1,"R$ 25.716 recebidos no POS em 7 dias, 3,1× a receita semanal esperada (R$ 8.361); 19% vieram de cartões de uma mesma empresa cliente."
A004311,L-67232,Estabelecimento (PJ),R05,R05 · Recebimento incompatível com o estabelecimento,"IV, w",181064.14963429002,2026-08-13,54.9,"R$ 181.064 recebidos no POS em 7 dias, 3,2× a receita semanal esperada (R$ 56.566); 12% vieram de cartões de uma mesma empresa cliente."
A004313,T-10032,Titular (PF),R01,R01 · Movimentação incompatível com a renda,"IV, a",31026.33,2026-08-13,46.6,"R$ 30.087 recebidos e R$ 940 enviados por Pix em 30 dias — 9,5× a renda mensal declarada de R$ 3.270."
A004314,T-10032,Titular (PF),R04,R04 · Conta pouco movimentada que acorda,"IV, e",31026.33,2026-08-13,46.6,"R$ 31.026 movimentados em 30 dias, contra média mensal de R$ 870 nos 3 meses anteriores (36× a média, com piso de R$ 200)."
A004315,T-40975,Titular (PF),R01,R01 · Movimentação incompatível com a renda,"IV, a",70990.57,2026-08-13,49.9,"R$ 38.984 recebidos e R$ 32.007 enviados por Pix em 30 dias — 13,9× a renda mensal declarada de R$ 5.110."
A004316,T-40975,Titular (PF),R04,R04 · Conta pouco movimentada que acorda,"IV, e",70990.57,2026-08-13,49.9,"R$ 70.991 movimentados em 30 dias, contra média mensal de R$ 1.089 nos 3 meses anteriores (65× a média, com piso de R$ 200)."
A004318,T-53985,Titular (PF),R01,R01 · Movimentação incompatível com a renda,"IV, a",74098.71000000002,2026-08-13,72.6,"R$ 38.871 recebidos e R$ 35.227 enviados por Pix em 30 dias — 41,6× a renda mensal declarada de R$ 1.780."
A004319,L-54636,Estabelecimento (PJ),R05,R05 · Recebimento incompatível com o estabelecimento,"IV, w",90749.75245454418,2026-08-14,52.1,"R$ 90.750 recebidos no POS em 7 dias, 3,5× a receita semanal esperada (R$ 25.873); 16% vieram de cartões de uma mesma empresa cliente."
A004320,L-10325,Estabelecimento (PJ),R05,R05 · Recebimento incompatível com o estabelecimento,"IV, w",165639.2726494209,2026-08-14,50.6,"R$ 165.639 recebidos no POS em 7 dias, 3,3× a receita semanal esperada (R$ 50.425); 13% vieram de cartões de uma mesma empresa cliente."
A004321,T-06857,Titular (PF),R01,R01 · Movimentação incompatível com a renda,"IV, a",80539.88999999998,2026-08-14,75.4,"R$ 53.016 recebidos e R$ 27.524 enviados por Pix em 30 dias — 3,3× a renda mensal declarada de R$ 24.460."
A004322,T-06857,Titular (PF),R09,R09 · PEP com movimentação relevante,"IV, s",80539.88999999998,2026-08-14,75.4,"Titular PEP movimentou R$ 80.540 em 30 dias (R$ 53.016 recebidos, R$ 27.524 enviados); renda mensal declarada de R$ 24.460."
A004324,T-07274,Titular (PF),R01,R01 · Movimentação incompatível com a renda,"IV, a",37798.54999999999,2026-08-14,44.6,"R$ 19.223 recebidos e R$ 18.575 enviados por Pix em 30 dias — 6,7× a renda mensal declarada de R$ 5.600."
A004325,T-07026,Titular (PF),R01,R01 · Movimentação incompatível com a renda,"IV, a",16790.840000000004,2026-08-14,44.1,"R$ 14.287 recebidos e R$ 2.504 enviados por Pix em 30 dias — 4,8× a renda mensal declarada de R$ 3.480."
A004326,T-07026,Titular (PF),R04,R04 · Conta pouco movimentada que acorda,"IV, e",16790.840000000004,2026-08-14,44.1,"R$ 16.791 movimentados em 30 dias, contra média mensal de R$ 587 nos 3 meses anteriores (29× a média, com piso de R$ 200)."
A004327,T-17758,Titular (PF),R01,R01 · Movimentação incompatível com a renda,"IV, a",35952.750000000015,2026-08-14,47.2,"R$ 35.553 recebidos e R$ 400 enviados por Pix em 30 dias — 11,2× a renda mensal declarada de R$ 3.210."
A004328,T-17758,Titular (PF),R04,R04 · Conta pouco movimentada que acorda,"IV, e",35952.750000000015,2026-08-14,47.2,"R$ 35.953 movimentados em 30 dias, contra média mensal de R$ 1.772 nos 3 meses anteriores (20× a média, com piso de R$ 200)."
A004329,T-65824,Titular (PF),R01,R01 · Movimentação incompatível com a renda,"IV, a",78986.40000000001,2026-08-14,37.6,"R$ 44.145 recebidos e R$ 34.842 enviados por Pix em 30 dias — 17,1× a renda mensal declarada de R$ 4.630."
A004330,T-31337,Titular (PF),R01,R01 · Movimentação incompatível com a renda,"IV, a",13932.11,2026-08-14,43.4,"R$ 13.312 recebidos e R$ 620 enviados por Pix em 30 dias — 3,5× a renda mensal declarada de R$ 4.010."
A004331,T-31337,Titular (PF),R04,R04 · Conta pouco movimentada que acorda,"IV, e",13932.11,2026-08-14,43.4,"R$ 13.932 movimentados em 30 dias, contra média mensal de R$ 1.269 nos 3 meses anteriores (11× a média, com piso de R$ 200)."
A004333,T-04899,Titular (PF),R01,R01 · Movimentação incompatível com a renda,"IV, a",62751.65999999998,2026-08-14,72.2,"R$ 32.383 recebidos e R$ 30.369 enviados por Pix em 30 dias — 29,2× a renda mensal declarada de R$ 2.150."
A004334,T-28150,Titular (PF),R01,R01 · Movimentação incompatível com a renda,"IV, a",18413.059999999998,2026-08-15,35.7,"R$ 10.249 recebidos e R$ 8.164 enviados por Pix em 30 dias — 4,1× a renda mensal declarada de R$ 4.490."
A004335,T-86037,Titular (PF),R01,R01 · Movimentação incompatível com a renda,"IV, a",42423.86,2026-08-15,47.9,"R$ 40.896 recebidos e R$ 1.528 enviados por Pix em 30 dias — 6,5× a renda mensal declarada de R$ 6.500."
A004336,T-86037,Titular (PF),R04,R04 · Conta pouco movimentada que acorda,"IV, e",42423.86,2026-08-15,47.9,"R$ 42.424 movimentados em 30 dias, contra média mensal de R$ 65 nos 3 meses anteriores (212× a média, com piso de R$ 200)."
A004337,T-16081,Titular (PF),R01,R01 · Movimentação incompatível com a renda,"IV, a",39736.85,2026-08-15,51.6,"R$ 37.816 recebidos e R$ 1.921 enviados por Pix em 30 dias — 11,0× a renda mensal declarada de R$ 3.600."
A004338,T-16081,Titular (PF),R04,R04 · Conta pouco movimentada que acorda,"IV, e",39736.85,2026-08-15,51.6,"R$ 39.737 movimentados em 30 dias, contra média mensal de R$ 1.229 nos 3 meses anteriores (32× a média, com piso de R$ 200)."
A004339,T-98381,Titular (PF),R09,R09 · PEP com movimentação relevante,"IV, s",10575.159999999982,2026-08-15,44.5,"Titular PEP movimentou R$ 10.575 em 30 dias (R$ 4.771 recebidos, R$ 5.804 enviados); renda mensal declarada de R$ 25.240."
A004340,T-38119,Titular (PF),R01,R01 · Movimentação incompatível com a renda,"IV, a",40643.23999999999,2026-08-15,47.7,"R$ 39.023 recebidos e R$ 1.620 enviados por Pix em 30 dias — 6,0× a renda mensal declarada de R$ 6.800."
A004341,T-38119,Titular (PF),R04,R04 · Conta pouco movimentada que acorda,"IV, e",40643.23999999999,2026-08-15,47.7,"R$ 40.643 movimentados em 30 dias, contra média mensal de R$ 3.226 nos 3 meses anteriores (13× a média, com piso de R$ 200)."
A004342,T-39875,Titular (PF),R01,R01 · Movimentação incompatível com a renda,"IV, a",27700.5,2026-08-15,33.4,"R$ 700 recebidos e R$ 27.000 enviados por Pix em 30 dias — 3,1× a renda mensal declarada de R$ 9.030."
A004346,T-54995,Titular (PF),R01,R01 · Movimentação incompatível com a renda,"IV, a",52385.85999999999,2026-08-15,71.4,"R$ 27.199 recebidos e R$ 25.187 enviados por Pix em 30 dias — 23,7× a renda mensal declarada de R$ 2.210."
A004347,T-83333,Titular (PF),R01,R01 · Movimentação incompatível com a renda,"IV, a",68218.39,2026-08-15,62.4,"R$ 35.560 recebidos e R$ 32.659 enviados por Pix em 30 dias — 35,7× a renda mensal declarada de R$ 1.910."
A004348,T-83222,Titular (PF),R01,R01 · Movimentação incompatível com a renda,"IV, a",22966.19,2026-08-16,45.4,"R$ 21.129 recebidos e R$ 1.837 enviados por Pix em 30 dias — 7,6× a renda mensal declarada de R$ 3.020."
A004349,T-83222,Titular (PF),R04,R04 · Conta pouco movimentada que acorda,"IV, e",22966.19,2026-08-16,45.4,"R$ 22.966 movimentados em 30 dias, contra média mensal de R$ 1.182 nos 3 meses anteriores (19× a média, com piso de R$ 200)."
A004350,T-35790,Titular (PF),R01,R01 · Movimentação incompatível com a renda,"IV, a",60201.26000000001,2026-08-16,49.3,"R$ 35.789 recebidos e R$ 24.412 enviados por Pix em 30 dias — 10,9× a renda mensal declarada de R$ 5.510."
A004351,T-35790,Titular (PF),R04,R04 · Conta pouco movimentada que acorda,"IV, e",60201.26000000001,2026-08-16,49.3,"R$ 60.201 movimentados em 30 dias, contra média mensal de R$ 864 nos 3 meses anteriores (70× a média, com piso de R$ 200)."
A004352,T-43371,Titular (PF),R01,R01 · Movimentação incompatível com a renda,"IV, a",83838.89000000001,2026-08-16,54.6,"R$ 45.518 recebidos e R$ 38.321 enviados por Pix em 30 dias — 23,7× a renda mensal declarada de R$ 3.540."
A004353,T-43371,Titular (PF),R04,R04 · Conta pouco movimentada que acorda,"IV, e",83838.89000000001,2026-08-16,54.6,"R$ 83.839 movimentados em 30 dias, contra média mensal de R$ 718 nos 3 meses anteriores (117× a média, com piso de R$ 200)."
A004354,T-54199,Titular (PF),R01,R01 · Movimentação incompatível com a renda,"IV, a",21782.019999999997,2026-08-16,45.2,"R$ 13.908 recebidos e R$ 7.874 enviados por Pix em 30 dias — 4,2× a renda mensal declarada de R$ 5.190."
A004355,T-54199,Titular (PF),R04,R04 · Conta pouco movimentada que acorda,"IV, e",21782.019999999997,2026-08-16,45.2,"R$ 21.782 movimentados em 30 dias, contra média mensal de R$ 1.356 nos 3 meses anteriores (16× a média, com piso de R$ 200)."
A004356,T-60630,Titular (PF),R01,R01 · Movimentação incompatível com a renda,"IV, a",25521.219999999987,2026-08-16,45.8,"R$ 24.027 recebidos e R$ 1.494 enviados por Pix em 30 dias — 4,3× a renda mensal declarada de R$ 5.980."
A004357,T-60630,Titular (PF),R04,R04 · Conta pouco movimentada que acorda,"IV, e",25521.219999999987,2026-08-16,45.8,"R$ 25.521 movimentados em 30 dias, contra média mensal de R$ 1.965 nos 3 meses anteriores (13× a média, com piso de R$ 200)."
A004360,T-56794,Titular (PF),R01,R01 · Movimentação incompatível com a renda,"IV, a",59258.11,2026-08-16,49.2,"R$ 30.881 recebidos e R$ 28.377 enviados por Pix em 30 dias — 11,8× a renda mensal declarada de R$ 5.020."
A004361,T-56794,Titular (PF),R04,R04 · Conta pouco movimentada que acorda,"IV, e",59258.11,2026-08-16,49.2,"R$ 59.258 movimentados em 30 dias, contra média mensal de R$ 2.334 nos 3 meses anteriores (25× a média, com piso de R$ 200)."
A004363,T-92939,Titular (PF),R01,R01 · Movimentação incompatível com a renda,"IV, a",70167.74,2026-08-16,72.6,"R$ 36.356 recebidos e R$ 33.812 enviados por Pix em 30 dias — 36,2× a renda mensal declarada de R$ 1.940."
A004364,T-13964,Titular (PF),R01,R01 · Movimentação incompatível com a renda,"IV, a",80676.75,2026-08-16,73.3,"R$ 41.748 recebidos e R$ 38.928 enviados por Pix em 30 dias — 41,8× a renda mensal declarada de R$ 1.930."
A004365,T-34475,Titular (PF),R04,R04 · Conta pouco movimentada que acorda,"IV, e",15967.27,2026-08-16,26.1,"R$ 15.967 movimentados em 30 dias, contra média mensal de R$ 0 nos 3 meses anteriores (80× a média, com piso de R$ 200)."
A004366,L-67465,Estabelecimento (PJ),R05,R05 · Recebimento incompatível com o estabelecimento,"IV, w",18305.029402782267,2026-08-17,41.7,"R$ 18.305 recebidos no POS em 7 dias, 3,5× a receita semanal esperada (R$ 5.284); 17% vieram de cartões de uma mesma empresa cliente."
A004367,L-35141,Estabelecimento (PJ),R05,R05 · Recebimento incompatível com o estabelecimento,"IV, w",153888.0728522255,2026-08-17,50.3,"R$ 153.888 recebidos no POS em 7 dias, 3,1× a receita semanal esperada (R$ 49.608); 14% vieram de cartões de uma mesma empresa cliente."
A004368,T-23699,Titular (PF),R01,R01 · Movimentação incompatível com a renda,"IV, a",68728.29000000001,2026-08-17,49.8,"R$ 34.729 recebidos e R$ 34.000 enviados por Pix em 30 dias — 10,5× a renda mensal declarada de R$ 6.560."
A004369,T-23699,Titular (PF),R04,R04 · Conta pouco movimentada que acorda,"IV, e",68728.29000000001,2026-08-17,49.8,"R$ 68.728 movimentados em 30 dias, contra média mensal de R$ 0 nos 3 meses anteriores (344× a média, com piso de R$ 200)."
A004370,T-70261,Titular (PF),R01,R01 · Movimentação incompatível com a renda,"IV, a",31946.000000000007,2026-08-17,46.7,"R$ 31.817 recebidos e R$ 129 enviados por Pix em 30 dias — 21,9× a renda mensal declarada de R$ 1.460."
A004371,T-70261,Titular (PF),R04,R04 · Conta pouco movimentada que acorda,"IV, e",31946.000000000007,2026-08-17,46.7,"R$ 31.946 movimentados em 30 dias, contra média mensal de R$ 653 nos 3 meses anteriores (49× a média, com piso de R$ 200)."
A004372,T-99643,Titular (PF),R01,R01 · Movimentação incompatível com a renda,"IV, a",42172.62,2026-08-17,51.8,"R$ 42.135 recebidos e R$ 37 enviados por Pix em 30 dias — 11,7× a renda mensal declarada de R$ 3.610."
A004373,T-99643,Titular (PF),R04,R04 · Conta pouco movimentada que acorda,"IV, e",42172.62,2026-08-17,51.8,"R$ 42.173 movimentados em 30 dias, contra média mensal de R$ 538 nos 3 meses anteriores (78× a média, com piso de R$ 200)."
A004374,T-10677,Titular (PF),R01,R01 · Movimentação incompatível com a renda,"IV, a",37231.15000000001,2026-08-17,51.3,"R$ 36.762 recebidos e R$ 469 enviados por Pix em 30 dias — 13,7× a renda mensal declarada de R$ 2.720."
A004375,T-10677,Titular (PF),R04,R04 · Conta pouco movimentada que acorda,"IV, e",37231.15000000001,2026-08-17,51.3,"R$ 37.231 movimentados em 30 dias, contra média mensal de R$ 486 nos 3 meses anteriores (77× a média, com piso de R$ 200)."
A004376,T-38294,Titular (PF),R01,R01 · Movimentação incompatível com a renda,"IV, a",39569.44000000001,2026-08-17,47.6,"R$ 39.069 recebidos e R$ 500 enviados por Pix em 30 dias — 17,6× a renda mensal declarada de R$ 2.250."
A004377,T-38294,Titular (PF),R04,R04 · Conta pouco movimentada que acorda,"IV, e",39569.44000000001,2026-08-17,47.6,"R$ 39.569 movimentados em 30 dias, contra média mensal de R$ 1.011 nos 3 meses anteriores (39× a média, com piso de R$ 200)."
A004378,T-78900,Titular (PF),R01,R01 · Movimentação incompatível com a renda,"IV, a",25212.22,2026-08-17,45.8,"R$ 24.896 recebidos e R$ 316 enviados por Pix em 30 dias — 13,3× a renda mensal declarada de R$ 1.900."
A004379,T-78900,Titular (PF),R04,R04 · Conta pouco movimentada que acorda,"IV, e",25212.22,2026-08-17,45.8,"R$ 25.212 movimentados em 30 dias, contra média mensal de R$ 1.036 nos 3 meses anteriores (24× a média, com piso de R$ 200)."
A004381,T-21010,Titular (PF),R01,R01 · Movimentação incompatível com a renda,"IV, a",65590.47999999998,2026-08-17,72.3,"R$ 33.592 recebidos e R$ 31.998 enviados por Pix em 30 dias — 36,2× a renda mensal declarada de R$ 1.810."
A004382,T-71153,Titular (PF),R01,R01 · Movimentação incompatível com a renda,"IV, a",14989.079999999998,2026-08-18,43.7,"R$ 9.531 recebidos e R$ 5.458 enviados por Pix em 30 dias — 6,6× a renda mensal declarada de R$ 2.260."
A004383,T-71153,Titular (PF),R04,R04 · Conta pouco movimentada que acorda,"IV, e",14989.079999999998,2026-08-18,43.7,"R$ 14.989 movimentados em 30 dias, contra média mensal de R$ 629 nos 3 meses anteriores (24× a média, com piso de R$ 200)."
A004384,T-30067,Titular (PF),R01,R01 · Movimentação incompatível com a renda,"IV, a",49830.439999999995,2026-08-18,48.5,"R$ 28.860 recebidos e R$ 20.971 enviados por Pix em 30 dias — 10,1× a renda mensal declarada de R$ 4.940."
A004385,T-30067,Titular (PF),R04,R04 · Conta pouco movimentada que acorda,"IV, e",49830.439999999995,2026-08-18,48.5,"R$ 49.830 movimentados em 30 dias, contra média mensal de R$ 2.294 nos 3 meses anteriores (22× a média, com piso de R$ 200)."
A004386,T-87809,Titular (PF),R03,R03 · Transferências logo abaixo do limite,"IV, b",14244.28,2026-08-18,39.7,"3 Pix enviados entre R$ 4.500 e R$ 5.000 em 7 dias, somando R$ 14.244 — o limite por transação é R$ 5.000."
A004387,T-98002,Titular (PF),R01,R01 · Movimentação incompatível com a renda,"IV, a",36784.09,2026-08-18,47.3,"R$ 23.426 recebidos e R$ 13.358 enviados por Pix em 30 dias — 8,1× a renda mensal declarada de R$ 4.520."
A004388,T-98002,Titular (PF),R04,R04 · Conta pouco movimentada que acorda,"IV, e",36784.09,2026-08-18,47.3,"R$ 36.784 movimentados em 30 dias, contra média mensal de R$ 1.099 nos 3 meses anteriores (33× a média, com piso de R$ 200)."
A004389,T-76493,Titular (PF),R01,R01 · Movimentação incompatível com a renda,"IV, a",35802.69,2026-08-18,34.4,"R$ 34.544 recebidos e R$ 1.259 enviados por Pix em 30 dias — 7,6× a renda mensal declarada de R$ 4.710."
A004390,T-86791,Titular (PF),R01,R01 · Movimentação incompatível com a renda,"IV, a",18973.61,2026-08-18,31.8,"R$ 8.893 recebidos e R$ 10.081 enviados por Pix em 30 dias — 4,6× a renda mensal declarada de R$ 4.120."
A004392,L-14909,Estabelecimento (PJ),R05,R05 · Recebimento incompatível com o estabelecimento,"IV, w",70682.72730208258,2026-08-19,52.1,"R$ 70.683 recebidos no POS em 7 dias, 3,2× a receita semanal esperada (R$ 21.914); 6% vieram de cartões de uma mesma empresa cliente."
A004393,T-36033,Titular (PF),R01,R01 · Movimentação incompatível com a renda,"IV, a",22727.28,2026-08-19,45.4,"R$ 19.713 recebidos e R$ 3.014 enviados por Pix em 30 dias — 8,3× a renda mensal declarada de R$ 2.750."
A004394,T-36033,Titular (PF),R04,R04 · Conta pouco movimentada que acorda,"IV, e",22727.28,2026-08-19,45.4,"R$ 22.727 movimentados em 30 dias, contra média mensal de R$ 400 nos 3 meses anteriores (57× a média, com piso de R$ 200)."
A004395,T-46684,Titular (PF),R04,R04 · Conta pouco movimentada que acorda,"IV, e",20311.77,2026-08-19,27.1,"R$ 20.312 movimentados em 30 dias, contra média mensal de R$ 1.077 nos 3 meses anteriores (19× a média, com piso de R$ 200)."
A004396,T-47249,Titular (PF),R01,R01 · Movimentação incompatível com a renda,"IV, a",23222.239999999998,2026-08-19,45.4,"R$ 12.254 recebidos e R$ 10.969 enviados por Pix em 30 dias — 6,1× a renda mensal declarada de R$ 3.800."
A004397,T-47249,Titular (PF),R04,R04 · Conta pouco movimentada que acorda,"IV, e",23222.239999999998,2026-08-19,45.4,"R$ 23.222 movimentados em 30 dias, contra média mensal de R$ 1.803 nos 3 meses anteriores (13× a média, com piso de R$ 200)."
A004401,T-17684,Titular (PF),R01,R01 · Movimentação incompatível com a renda,"IV, a",43069.22,2026-08-20,47.9,"R$ 41.382 recebidos e R$ 1.688 enviados por Pix em 30 dias — 7,8× a renda mensal declarada de R$ 5.520."
A004402,T-17684,Titular (PF),R04,R04 · Conta pouco movimentada que acorda,"IV, e",43069.22,2026-08-20,47.9,"R$ 43.069 movimentados em 30 dias, contra média mensal de R$ 3.101 nos 3 meses anteriores (14× a média, com piso de R$ 200)."
A004403,T-12878,Titular (PF),R01,R01 · Movimentação incompatível com a renda,"IV, a",32243.339999999997,2026-08-20,38.0,"R$ 19.021 recebidos e R$ 13.222 enviados por Pix em 30 dias — 3,2× a renda mensal declarada de R$ 10.160."
A004404,T-92967,Titular (PF),R01,R01 · Movimentação incompatível com a renda,"IV, a",67874.5,2026-08-20,49.8,"R$ 41.023 recebidos e R$ 26.852 enviados por Pix em 30 dias — 20,5× a renda mensal declarada de R$ 3.310."
A004405,T-92967,Titular (PF),R04,R04 · Conta pouco movimentada que acorda,"IV, e",67874.5,2026-08-20,49.8,"R$ 67.874 movimentados em 30 dias, contra média mensal de R$ 721 nos 3 meses anteriores (94× a média, com piso de R$ 200)."
A004406,T-28308,Titular (PF),R01,R01 · Movimentação incompatível com a renda,"IV, a",20262.93,2026-08-20,48.9,"R$ 20.263 recebidos e R$ 0 enviados por Pix em 30 dias — 9,3× a renda mensal declarada de R$ 2.170."
A004407,T-28308,Titular (PF),R04,R04 · Conta pouco movimentada que acorda,"IV, e",20262.93,2026-08-20,48.9,"R$ 20.263 movimentados em 30 dias, contra média mensal de R$ 348 nos 3 meses anteriores (58× a média, com piso de R$ 200)."
A004408,T-87630,Titular (PF),R01,R01 · Movimentação incompatível com a renda,"IV, a",56096.22,2026-08-20,49.0,"R$ 27.718 recebidos e R$ 28.378 enviados por Pix em 30 dias — 15,0× a renda mensal declarada de R$ 3.740."
A004409,T-87630,Titular (PF),R04,R04 · Conta pouco movimentada que acorda,"IV, e",56096.22,2026-08-20,49.0,"R$ 56.096 movimentados em 30 dias, contra média mensal de R$ 1.698 nos 3 meses anteriores (33× a média, com piso de R$ 200)."
A004410,T-55607,Titular (PF),R01,R01 · Movimentação incompatível com a renda,"IV, a",42182.18000000001,2026-08-20,51.8,"R$ 41.946 recebidos e R$ 237 enviados por Pix em 30 dias — 11,0× a renda mensal declarada de R$ 3.820."
A004411,T-55607,Titular (PF),R04,R04 · Conta pouco movimentada que acorda,"IV, e",42182.18000000001,2026-08-20,51.8,"R$ 42.182 movimentados em 30 dias, contra média mensal de R$ 988 nos 3 meses anteriores (43× a média, com piso de R$ 200)."
A004412,T-65474,Titular (PF),R01,R01 · Movimentação incompatível com a renda,"IV, a",38834.280000000006,2026-08-20,47.5,"R$ 36.193 recebidos e R$ 2.641 enviados por Pix em 30 dias — 8,4× a renda mensal declarada de R$ 4.600."
A004413,T-65474,Titular (PF),R04,R04 · Conta pouco movimentada que acorda,"IV, e",38834.280000000006,2026-08-20,47.5,"R$ 38.834 movimentados em 30 dias, contra média mensal de R$ 1.716 nos 3 meses anteriores (23× a média, com piso de R$ 200)."
A004414,T-99795,Titular (PF),R01,R01 · Movimentação incompatível com a renda,"IV, a",40758.979999999996,2026-08-20,47.7,"R$ 38.729 recebidos e R$ 2.030 enviados por Pix em 30 dias — 6,3× a renda mensal declarada de R$ 6.510."
A004415,T-99795,Titular (PF),R04,R04 · Conta pouco movimentada que acorda,"IV, e",40758.979999999996,2026-08-20,47.7,"R$ 40.759 movimentados em 30 dias, contra média mensal de R$ 3.271 nos 3 meses anteriores (12× a média, com piso de R$ 200)."
A004417,T-62174,Titular (PF),R01,R01 · Movimentação incompatível com a renda,"IV, a",62410.409999999974,2026-08-20,72.2,"R$ 32.430 recebidos e R$ 29.980 enviados por Pix em 30 dias — 33,2× a renda mensal declarada de R$ 1.880."
A004418,T-37077,Titular (PF),R01,R01 · Movimentação incompatível com a renda,"IV, a",35928.0,2026-08-20,38.4,"R$ 359 recebidos e R$ 35.569 enviados por Pix em 30 dias — 9,1× a renda mensal declarada de R$ 3.960."
A004419,L-39780,Estabelecimento (PJ),R05,R05 · Recebimento incompatível com o estabelecimento,"IV, w",29277.322664891602,2026-08-21,47.6,"R$ 29.277 recebidos no POS em 7 dias, 3,5× a receita semanal esperada (R$ 8.328); 12% vieram de cartões de uma mesma empresa cliente."
A004421,T-08143,Titular (PF),R01,R01 · Movimentação incompatível com a renda,"IV, a",74372.16999999998,2026-08-21,75.1,"R$ 49.599 recebidos e R$ 24.773 enviados por Pix em 30 dias — 5,9× a renda mensal declarada de R$ 12.530."
A004422,T-08143,Titular (PF),R09,R09 · PEP com movimentação relevante,"IV, s",74372.16999999998,2026-08-21,75.1,"Titular PEP movimentou R$ 74.372 em 30 dias (R$ 49.599 recebidos, R$ 24.773 enviados); renda mensal declarada de R$ 12.530."
A004423,T-93322,Titular (PF),R01,R01 · Movimentação incompatível com a renda,"IV, a",42307.2,2026-08-21,51.9,"R$ 41.631 recebidos e R$ 676 enviados por Pix em 30 dias — 19,6× a renda mensal declarada de R$ 2.160."
A004424,T-93322,Titular (PF),R04,R04 · Conta pouco movimentada que acorda,"IV, e",42307.2,2026-08-21,51.9,"R$ 42.307 movimentados em 30 dias, contra média mensal de R$ 529 nos 3 meses anteriores (80× a média, com piso de R$ 200)."
A004425,T-33236,Titular (PF),R01,R01 · Movimentação incompatível com a renda,"IV, a",68735.26000000001,2026-08-22,49.8,"R$ 44.801 recebidos e R$ 23.934 enviados por Pix em 30 dias — 22,6× a renda mensal declarada de R$ 3.040."
A004426,T-33236,Titular (PF),R04,R04 · Conta pouco movimentada que acorda,"IV, e",68735.26000000001,2026-08-22,49.8,"R$ 68.735 movimentados em 30 dias, contra média mensal de R$ 931 nos 3 meses anteriores (74× a média, com piso de R$ 200)."
A004427,T-29677,Titular (PF),R01,R01 · Movimentação incompatível com a renda,"IV, a",22290.309999999998,2026-08-22,32.5,"R$ 20.923 recebidos e R$ 1.367 enviados por Pix em 30 dias — 3,4× a renda mensal declarada de R$ 6.640."
A004428,T-87510,Titular (PF),R01,R01 · Movimentação incompatível com a renda,"IV, a",11298.27,2026-08-22,42.5,"R$ 9.659 recebidos e R$ 1.640 enviados por Pix em 30 dias — 4,2× a renda mensal declarada de R$ 2.670."
A004429,T-87510,Titular (PF),R04,R04 · Conta pouco movimentada que acorda,"IV, e",11298.27,2026-08-22,42.5,"R$ 11.298 movimentados em 30 dias, contra média mensal de R$ 1.021 nos 3 meses anteriores (11× a média, com piso de R$ 200)."
A004430,T-83106,Titular (PF),R03,R03 · Transferências logo abaixo do limite,"IV, b",14165.36,2026-08-22,65.5,"3 Pix enviados entre R$ 4.500 e R$ 5.000 em 7 dias, somando R$ 14.165 — o limite por transação é R$ 5.000."
A004431,T-80828,Titular (PF),R09,R09 · PEP com movimentação relevante,"IV, s",10009.770000000004,2026-08-22,44.3,"Titular PEP movimentou R$ 10.010 em 30 dias (R$ 7.400 recebidos, R$ 2.610 enviados); renda mensal declarada de R$ 17.110."
A004432,T-24814,Titular (PF),R01,R01 · Movimentação incompatível com a renda,"IV, a",57234.55,2026-08-22,53.1,"R$ 36.719 recebidos e R$ 20.515 enviados por Pix em 30 dias — 5,7× a renda mensal declarada de R$ 10.030."
A004433,T-24814,Titular (PF),R04,R04 · Conta pouco movimentada que acorda,"IV, e",57234.55,2026-08-22,53.1,"R$ 57.235 movimentados em 30 dias, contra média mensal de R$ 2.203 nos 3 meses anteriores (26× a média, com piso de R$ 200)."
A004438,L-35473,Estabelecimento (PJ),R05,R05 · Recebimento incompatível com o estabelecimento,"IV, w",64790.63405215368,2026-08-23,46.8,"R$ 64.791 recebidos no POS em 7 dias, 3,3× a receita semanal esperada (R$ 19.868); 17% vieram de cartões de uma mesma empresa cliente."
A004439,L-79142,Estabelecimento (PJ),R05,R05 · Recebimento incompatível com o estabelecimento,"IV, w",24198.238374978886,2026-08-23,42.8,"R$ 24.198 recebidos no POS em 7 dias, 3,0× a receita semanal esperada (R$ 7.987); 3% vieram de cartões de uma mesma empresa cliente."
A004440,T-38648,Titular (PF),R01,R01 · Movimentação incompatível com a renda,"IV, a",57036.4,2026-08-23,49.1,"R$ 34.376 recebidos e R$ 22.660 enviados por Pix em 30 dias — 6,3× a renda mensal declarada de R$ 9.090."
A004441,T-38648,Titular (PF),R04,R04 · Conta pouco movimentada que acorda,"IV, e",57036.4,2026-08-23,49.1,"R$ 57.036 movimentados em 30 dias, contra média mensal de R$ 2.652 nos 3 meses anteriores (22× a média, com piso de R$ 200)."
A004443,T-65187,Titular (PF),R01,R01 · Movimentação incompatível com a renda,"IV, a",26958.409999999996,2026-08-23,50.0,"R$ 22.051 recebidos e R$ 4.908 enviados por Pix em 30 dias — 3,8× a renda mensal declarada de R$ 7.110."
A004444,T-65187,Titular (PF),R04,R04 · Conta pouco movimentada que acorda,"IV, e",26958.409999999996,2026-08-23,50.0,"R$ 26.958 movimentados em 30 dias, contra média mensal de R$ 1.825 nos 3 meses anteriores (15× a média, com piso de R$ 200)."
A004445,T-43883,Titular (PF),R01,R01 · Movimentação incompatível com a renda,"IV, a",45231.229999999996,2026-08-23,52.1,"R$ 45.036 recebidos e R$ 196 enviados por Pix em 30 dias — 11,2× a renda mensal declarada de R$ 4.030."
A004446,T-43883,Titular (PF),R04,R04 · Conta pouco movimentada que acorda,"IV, e",45231.229999999996,2026-08-23,52.1,"R$ 45.231 movimentados em 30 dias, contra média mensal de R$ 1.498 nos 3 meses anteriores (30× a média, com piso de R$ 200)."
A004447,T-93513,Titular (PF),R01,R01 · Movimentação incompatível com a renda,"IV, a",67668.81999999999,2026-08-23,49.7,"R$ 37.664 recebidos e R$ 30.004 enviados por Pix em 30 dias — 21,1× a renda mensal declarada de R$ 3.210."
A004448,T-93513,Titular (PF),R04,R04 · Conta pouco movimentada que acorda,"IV, e",67668.81999999999,2026-08-23,49.7,"R$ 67.669 movimentados em 30 dias, contra média mensal de R$ 822 nos 3 meses anteriores (82× a média, com piso de R$ 200)."
A004449,T-46358,Titular (PF),R01,R01 · Movimentação incompatível com a renda,"IV, a",74052.88,2026-08-23,65.5,"R$ 40.422 recebidos e R$ 33.631 enviados por Pix em 30 dias — 8,8× a renda mensal declarada de R$ 8.420."
A004450,T-46358,Titular (PF),R04,R04 · Conta pouco movimentada que acorda,"IV, e",74052.88,2026-08-23,65.5,"R$ 74.053 movimentados em 30 dias, contra média mensal de R$ 2.781 nos 3 meses anteriores (27× a média, com piso de R$ 200)."
A004451,T-06861,Titular (PF),R01,R01 · Movimentação incompatível com a renda,"IV, a",43726.71000000001,2026-08-23,52.0,"R$ 42.322 recebidos e R$ 1.405 enviados por Pix em 30 dias — 10,9× a renda mensal declarada de R$ 4.000."
A004452,T-06861,Titular (PF),R04,R04 · Conta pouco movimentada que acorda,"IV, e",43726.71000000001,2026-08-23,52.0,"R$ 43.727 movimentados em 30 dias, contra média mensal de R$ 1.082 nos 3 meses anteriores (40× a média, com piso de R$ 200)."
A004454,L-24727,Estabelecimento (PJ),R05,R05 · Recebimento incompatível com o estabelecimento,"IV, w",85050.5246151071,2026-08-24,47.9,"R$ 85.051 recebidos no POS em 7 dias, 3,2× a receita semanal esperada (R$ 26.880); 4% vieram de cartões de uma mesma empresa cliente."
A004455,T-41835,Titular (PF),R01,R01 · Movimentação incompatível com a renda,"IV, a",43995.38,2026-08-24,48.0,"R$ 42.001 recebidos e R$ 1.994 enviados por Pix em 30 dias — 19,2× a renda mensal declarada de R$ 2.290."
A004456,T-41835,Titular (PF),R04,R04 · Conta pouco movimentada que acorda,"IV, e",43995.38,2026-08-24,48.0,"R$ 43.995 movimentados em 30 dias, contra média mensal de R$ 536 nos 3 meses anteriores (82× a média, com piso de R$ 200)."
A004457,T-06905,Titular (PF),R01,R01 · Movimentação incompatível com a renda,"IV, a",42199.45,2026-08-24,47.8,"R$ 41.576 recebidos e R$ 623 enviados por Pix em 30 dias — 10,0× a renda mensal declarada de R$ 4.230."
A004458,T-06905,Titular (PF),R04,R04 · Conta pouco movimentada que acorda,"IV, e",42199.45,2026-08-24,47.8,"R$ 42.199 movimentados em 30 dias, contra média mensal de R$ 1.675 nos 3 meses anteriores (25× a média, com piso de R$ 200)."
A004459,T-52166,Titular (PF),R01,R01 · Movimentação incompatível com a renda,"IV, a",44285.92,2026-08-24,48.0,"R$ 25.434 recebidos e R$ 18.852 enviados por Pix em 30 dias — 9,8× a renda mensal declarada de R$ 4.530."
A004460,T-52166,Titular (PF),R04,R04 · Conta pouco movimentada que acorda,"IV, e",44285.92,2026-08-24,48.0,"R$ 44.286 movimentados em 30 dias, contra média mensal de R$ 894 nos 3 meses anteriores (50× a média, com piso de R$ 200)."
A004461,T-23521,Titular (PF),R01,R01 · Movimentação incompatível com a renda,"IV, a",26439.020000000004,2026-08-24,46.0,"R$ 25.947 recebidos e R$ 492 enviados por Pix em 30 dias — 4,0× a renda mensal declarada de R$ 6.550."
A004462,T-23521,Titular (PF),R04,R04 · Conta pouco movimentada que acorda,"IV, e",26439.020000000004,2026-08-24,46.0,"R$ 26.439 movimentados em 30 dias, contra média mensal de R$ 2.088 nos 3 meses anteriores (13× a média, com piso de R$ 200)."
A004463,T-76906,Titular (PF),R01,R01 · Movimentação incompatível com a renda,"IV, a",72377.97,2026-08-24,54.0,"R$ 45.271 recebidos e R$ 27.107 enviados por Pix em 30 dias — 23,3× a renda mensal declarada de R$ 3.100."
A004464,T-76906,Titular (PF),R04,R04 · Conta pouco movimentada que acorda,"IV, e",72377.97,2026-08-24,54.0,"R$ 72.378 movimentados em 30 dias, contra média mensal de R$ 1.607 nos 3 meses anteriores (45× a média, com piso de R$ 200)."
A004468,T-07302,Titular (PF),R01,R01 · Movimentação incompatível com a renda,"IV, a",18124.410000000007,2026-08-25,31.7,"R$ 9.762 recebidos e R$ 8.362 enviados por Pix em 30 dias — 3,5× a renda mensal declarada de R$ 5.200."
A004469,T-77678,Titular (PF),R01,R01 · Movimentação incompatível com a renda,"IV, a",12654.059999999998,2026-08-25,34.2,"R$ 10.534 recebidos e R$ 2.120 enviados por Pix em 30 dias — 10,8× a renda mensal declarada de R$ 1.170."
A004470,T-86154,Titular (PF),R01,R01 · Movimentação incompatível com a renda,"IV, a",24120.869999999995,2026-08-25,32.8,"R$ 23.111 recebidos e R$ 1.010 enviados por Pix em 30 dias — 7,0× a renda mensal declarada de R$ 3.430."
A004471,T-72798,Titular (PF),R01,R01 · Movimentação incompatível com a renda,"IV, a",18195.03,2026-08-25,44.5,"R$ 17.274 recebidos e R$ 922 enviados por Pix em 30 dias — 5,4× a renda mensal declarada de R$ 3.400."
A004472,T-72798,Titular (PF),R04,R04 · Conta pouco movimentada que acorda,"IV, e",18195.03,2026-08-25,44.5,"R$ 18.195 movimentados em 30 dias, contra média mensal de R$ 1.097 nos 3 meses anteriores (17× a média, com piso de R$ 200)."
A004473,T-61379,Titular (PF),R01,R01 · Movimentação incompatível com a renda,"IV, a",27183.090000000004,2026-08-25,46.1,"R$ 27.006 recebidos e R$ 178 enviados por Pix em 30 dias — 5,4× a renda mensal declarada de R$ 5.050."
A004474,T-61379,Titular (PF),R04,R04 · Conta pouco movimentada que acorda,"IV, e",27183.090000000004,2026-08-25,46.1,"R$ 27.183 movimentados em 30 dias, contra média mensal de R$ 908 nos 3 meses anteriores (30× a média, com piso de R$ 200)."
A004475,T-30365,Titular (PF),R01,R01 · Movimentação incompatível com a renda,"IV, a",34251.79,2026-08-25,51.0,"R$ 34.154 recebidos e R$ 98 enviados por Pix em 30 dias — 17,5× a renda mensal declarada de R$ 1.960."
A004476,T-30365,Titular (PF),R04,R04 · Conta pouco movimentada que acorda,"IV, e",34251.79,2026-08-25,51.0,"R$ 34.252 movimentados em 30 dias, contra média mensal de R$ 414 nos 3 meses anteriores (83× a média, com piso de R$ 200)."
A004477,T-08521,Titular (PF),R01,R01 · Movimentação incompatível com a renda,"IV, a",60215.87,2026-08-25,59.3,"R$ 35.692 recebidos e R$ 24.524 enviados por Pix em 30 dias — 11,0× a renda mensal declarada de R$ 5.450."
A004478,T-08521,Titular (PF),R04,R04 · Conta pouco movimentada que acorda,"IV, e",60215.87,2026-08-25,59.3,"R$ 60.216 movimentados em 30 dias, contra média mensal de R$ 1.873 nos 3 meses anteriores (32× a média, com piso de R$ 200)."
A004479,T-92750,Titular (PF),R09,R09 · PEP com movimentação relevante,"IV, s",15763.899999999998,2026-08-25,46.1,"Titular PEP movimentou R$ 15.764 em 30 dias (R$ 14.599 recebidos, R$ 1.165 enviados); renda mensal declarada de R$ 17.000."
A004480,T-11883,Titular (PF),R01,R01 · Movimentação incompatível com a renda,"IV, a",14766.829999999998,2026-08-25,43.6,"R$ 14.040 recebidos e R$ 727 enviados por Pix em 30 dias — 8,6× a renda mensal declarada de R$ 1.720."
A004481,T-11883,Titular (PF),R04,R04 · Conta pouco movimentada que acorda,"IV, e",14766.829999999998,2026-08-25,43.6,"R$ 14.767 movimentados em 30 dias, contra média mensal de R$ 646 nos 3 meses anteriores (23× a média, com piso de R$ 200)."
A004482,T-67558,Titular (PF),R01,R01 · Movimentação incompatível com a renda,"IV, a",20149.099999999984,2026-08-25,44.9,"R$ 20.058 recebidos e R$ 91 enviados por Pix em 30 dias — 13,2× a renda mensal declarada de R$ 1.530."
A004483,T-67558,Titular (PF),R04,R04 · Conta pouco movimentada que acorda,"IV, e",20149.099999999984,2026-08-25,44.9,"R$ 20.149 movimentados em 30 dias, contra média mensal de R$ 784 nos 3 meses anteriores (26× a média, com piso de R$ 200)."
A004485,T-05653,Titular (PF),R01,R01 · Movimentação incompatível com a renda,"IV, a",56786.38999999996,2026-08-25,72.0,"R$ 29.944 recebidos e R$ 26.843 enviados por Pix em 30 dias — 36,4× a renda mensal declarada de R$ 1.560."
A004486,T-46148,Titular (PF),R01,R01 · Movimentação incompatível com a renda,"IV, a",49425.790000000015,2026-08-25,71.3,"R$ 25.774 recebidos e R$ 23.652 enviados por Pix em 30 dias — 33,0× a renda mensal declarada de R$ 1.500."
A004487,T-09448,Titular (PF),R01,R01 · Movimentação incompatível com a renda,"IV, a",16154.710000000003,2026-08-26,44.0,"R$ 15.872 recebidos e R$ 283 enviados por Pix em 30 dias — 4,8× a renda mensal declarada de R$ 3.340."
A004488,T-09448,Titular (PF),R04,R04 · Conta pouco movimentada que acorda,"IV, e",16154.710000000003,2026-08-26,44.0,"R$ 16.155 movimentados em 30 dias, contra média mensal de R$ 1.575 nos 3 meses anteriores (10× a média, com piso de R$ 200)."
A004491,T-89621,Titular (PF),R02,R02 · Muitas origens e saída rápida,"IV, n",3417.7999999999956,2026-08-26,39.9,43 pagadores distintos mandaram R$ 3.418 em 7 dias; R$ 3.035 (89% do recebido) saiu da conta na mesma janela.
A004492,T-34294,Titular (PF),R01,R01 · Movimentação incompatível com a renda,"IV, a",37121.880000000005,2026-08-26,51.3,"R$ 20.707 recebidos e R$ 16.415 enviados por Pix em 30 dias — 16,3× a renda mensal declarada de R$ 2.280."
A004493,T-34294,Titular (PF),R04,R04 · Conta pouco movimentada que acorda,"IV, e",37121.880000000005,2026-08-26,51.3,"R$ 37.122 movimentados em 30 dias, contra média mensal de R$ 559 nos 3 meses anteriores (66× a média, com piso de R$ 200)."
A004494,T-58523,Titular (PF),R01,R01 · Movimentação incompatível com a renda,"IV, a",46382.70000000001,2026-08-26,48.2,"R$ 23.550 recebidos e R$ 22.833 enviados por Pix em 30 dias — 4,8× a renda mensal declarada de R$ 9.750."
A004495,T-58523,Titular (PF),R04,R04 · Conta pouco movimentada que acorda,"IV, e",46382.70000000001,2026-08-26,48.2,"R$ 46.383 movimentados em 30 dias, contra média mensal de R$ 2.545 nos 3 meses anteriores (18× a média, com piso de R$ 200)."
A004496,T-92259,Titular (PF),R01,R01 · Movimentação incompatível com a renda,"IV, a",24944.059999999998,2026-08-26,45.7,"R$ 24.503 recebidos e R$ 441 enviados por Pix em 30 dias — 6,8× a renda mensal declarada de R$ 3.690."
A004497,T-92259,Titular (PF),R04,R04 · Conta pouco movimentada que acorda,"IV, e",24944.059999999998,2026-08-26,45.7,"R$ 24.944 movimentados em 30 dias, contra média mensal de R$ 596 nos 3 meses anteriores (42× a média, com piso de R$ 200)."
A004498,T-95451,Titular (PF),R01,R01 · Movimentação incompatível com a renda,"IV, a",27268.61999999998,2026-08-26,46.1,"R$ 25.422 recebidos e R$ 1.846 enviados por Pix em 30 dias — 3,5× a renda mensal declarada de R$ 7.870."
A004499,T-95451,Titular (PF),R04,R04 · Conta pouco movimentada que acorda,"IV, e",27268.61999999998,2026-08-26,46.1,"R$ 27.269 movimentados em 30 dias, contra média mensal de R$ 2.535 nos 3 meses anteriores (11× a média, com piso de R$ 200)."
A004500,T-79155,Titular (PF),R01,R01 · Movimentação incompatível com a renda,"IV, a",63766.67999999996,2026-08-26,46.7,"R$ 33.365 recebidos e R$ 30.401 enviados por Pix em 30 dias — 36,4× a renda mensal declarada de R$ 1.750."
A004502,L-40737,Estabelecimento (PJ),R05,R05 · Recebimento incompatível com o estabelecimento,"IV, w",81192.7461517572,2026-08-27,52.7,"R$ 81.193 recebidos no POS em 7 dias, 3,3× a receita semanal esperada (R$ 24.393); 5% vieram de cartões de uma mesma empresa cliente."
A004503,T-06271,Titular (PF),R01,R01 · Movimentação incompatível com a renda,"IV, a",44362.78,2026-08-27,48.0,"R$ 44.272 recebidos e R$ 91 enviados por Pix em 30 dias — 15,0× a renda mensal declarada de R$ 2.950."
A004504,T-06271,Titular (PF),R04,R04 · Conta pouco movimentada que acorda,"IV, e",44362.78,2026-08-27,48.0,"R$ 44.363 movimentados em 30 dias, contra média mensal de R$ 1.318 nos 3 meses anteriores (34× a média, com piso de R$ 200)."
A004505,T-43071,Titular (PF),R01,R01 · Movimentação incompatível com a renda,"IV, a",63004.95,2026-08-27,53.5,"R$ 42.010 recebidos e R$ 20.995 enviados por Pix em 30 dias — 9,8× a renda mensal declarada de R$ 6.430."
A004506,T-43071,Titular (PF),R04,R04 · Conta pouco movimentada que acorda,"IV, e",63004.95,2026-08-27,53.5,"R$ 63.005 movimentados em 30 dias, contra média mensal de R$ 2.111 nos 3 meses anteriores (30× a média, com piso de R$ 200)."
A004507,T-58713,Titular (PF),R01,R01 · Movimentação incompatível com a renda,"IV, a",28107.420000000006,2026-08-27,50.2,"R$ 27.569 recebidos e R$ 539 enviados por Pix em 30 dias — 6,3× a renda mensal declarada de R$ 4.450."
A004508,T-58713,Titular (PF),R04,R04 · Conta pouco movimentada que acorda,"IV, e",28107.420000000006,2026-08-27,50.2,"R$ 28.107 movimentados em 30 dias, contra média mensal de R$ 2.166 nos 3 meses anteriores (13× a média, com piso de R$ 200)."
A004509,T-85679,Titular (PF),R09,R09 · PEP com movimentação relevante,"IV, s",53659.130000000005,2026-08-27,62.5,"Titular PEP movimentou R$ 53.659 em 30 dias (R$ 36.486 recebidos, R$ 17.174 enviados); renda mensal declarada de R$ 21.030."
A004510,T-60558,Titular (PF),R01,R01 · Movimentação incompatível com a renda,"IV, a",76777.01,2026-08-27,50.3,"R$ 42.062 recebidos e R$ 34.715 enviados por Pix em 30 dias — 8,3× a renda mensal declarada de R$ 9.260."
A004511,T-60558,Titular (PF),R04,R04 · Conta pouco movimentada que acorda,"IV, e",76777.01,2026-08-27,50.3,"R$ 76.777 movimentados em 30 dias, contra média mensal de R$ 2.200 nos 3 meses anteriores (35× a média, com piso de R$ 200)."
A004512,T-96258,Titular (PF),R09,R09 · PEP com movimentação relevante,"IV, s",19801.199999999997,2026-08-27,47.0,"Titular PEP movimentou R$ 19.801 em 30 dias (R$ 19.801 recebidos, R$ 0 enviados); renda mensal declarada de R$ 17.870."
A004513,T-83106,Titular (PF),R01,R01 · Movimentação incompatível com a renda,"IV, a",74134.43,2026-08-27,65.5,"R$ 44.790 recebidos e R$ 29.345 enviados por Pix em 30 dias — 40,3× a renda mensal declarada de R$ 1.840."
A004514,T-83106,Titular (PF),R04,R04 · Conta pouco movimentada que acorda,"IV, e",74134.43,2026-08-27,65.5,"R$ 74.134 movimentados em 30 dias, contra média mensal de R$ 274 nos 3 meses anteriores (270× a média, com piso de R$ 200)."
A004515,T-41334,Titular (PF),R01,R01 · Movimentação incompatível com a renda,"IV, a",31536.629999999997,2026-08-27,46.7,"R$ 25.224 recebidos e R$ 6.312 enviados por Pix em 30 dias — 7,7× a renda mensal declarada de R$ 4.100."
A004516,T-41334,Titular (PF),R04,R04 · Conta pouco movimentada que acorda,"IV, e",31536.629999999997,2026-08-27,46.7,"R$ 31.537 movimentados em 30 dias, contra média mensal de R$ 1.624 nos 3 meses anteriores (19× a média, com piso de R$ 200)."
A004517,T-60385,Titular (PF),R01,R01 · Movimentação incompatível com a renda,"IV, a",26914.260000000006,2026-08-27,33.2,"R$ 26.082 recebidos e R$ 832 enviados por Pix em 30 dias — 3,7× a renda mensal declarada de R$ 7.310."
A004518,T-46090,Titular (PF),R01,R01 · Movimentação incompatível com a renda,"IV, a",15722.260000000002,2026-08-27,43.9,"R$ 9.471 recebidos e R$ 6.251 enviados por Pix em 30 dias — 5,8× a renda mensal declarada de R$ 2.700."
A004519,T-46090,Titular (PF),R04,R04 · Conta pouco movimentada que acorda,"IV, e",15722.260000000002,2026-08-27,43.9,"R$ 15.722 movimentados em 30 dias, contra média mensal de R$ 934 nos 3 meses anteriores (17× a média, com piso de R$ 200)."
A004520,T-58283,Titular (PF),R02,R02 · Muitas origens e saída rápida,"IV, n",3299.3200000000033,2026-08-27,49.8,37 pagadores distintos mandaram R$ 3.299 em 7 dias; R$ 3.240 (98% do recebido) saiu da conta na mesma janela.
A004521,T-76811,Titular (PF),R01,R01 · Movimentação incompatível com a renda,"IV, a",46886.469999999994,2026-08-27,61.2,"R$ 24.425 recebidos e R$ 22.461 enviados por Pix em 30 dias — 26,9× a renda mensal declarada de R$ 1.740."
A004522,L-87964,Estabelecimento (PJ),R05,R05 · Recebimento incompatível com o estabelecimento,"IV, w",35316.3748167092,2026-08-28,44.3,"R$ 35.316 recebidos no POS em 7 dias, 3,5× a receita semanal esperada (R$ 10.119); 16% vieram de cartões de uma mesma empresa cliente."
A004523,L-37183,Estabelecimento (PJ),R05,R05 · Recebimento incompatível com o estabelecimento,"IV, w",21458.80893569364,2026-08-28,42.3,"R$ 21.459 recebidos no POS em 7 dias, 3,1× a receita semanal esperada (R$ 6.849); 10% vieram de cartões de uma mesma empresa cliente."
A004524,T-28746,Titular (PF),R01,R01 · Movimentação incompatível com a renda,"IV, a",32502.3,2026-08-28,50.8,"R$ 32.007 recebidos e R$ 495 enviados por Pix em 30 dias — 11,6× a renda mensal declarada de R$ 2.800."
A004525,T-28746,Titular (PF),R04,R04 · Conta pouco movimentada que acorda,"IV, e",32502.3,2026-08-28,50.8,"R$ 32.502 movimentados em 30 dias, contra média mensal de R$ 1.447 nos 3 meses anteriores (22× a média, com piso de R$ 200)."
A004526,T-52540,Titular (PF),R01,R01 · Movimentação incompatível com a renda,"IV, a",28991.620000000003,2026-08-28,50.3,"R$ 26.956 recebidos e R$ 2.036 enviados por Pix em 30 dias — 8,1× a renda mensal declarada de R$ 3.590."
A004527,T-52540,Titular (PF),R04,R04 · Conta pouco movimentada que acorda,"IV, e",28991.620000000003,2026-08-28,50.3,"R$ 28.992 movimentados em 30 dias, contra média mensal de R$ 426 nos 3 meses anteriores (68× a média, com piso de R$ 200)."
A004528,T-13188,Titular (PF),R09,R09 · PEP com movimentação relevante,"IV, s",24803.46,2026-08-28,47.9,"Titular PEP movimentou R$ 24.803 em 30 dias (R$ 16.111 recebidos, R$ 8.693 enviados); renda mensal declarada de R$ 15.180."
A004529,T-92498,Titular (PF),R09,R09 · PEP com movimentação relevante,"IV, s",47074.72,2026-08-28,63.3,"Titular PEP movimentou R$ 47.075 em 30 dias (R$ 28.746 recebidos, R$ 18.329 enviados); renda mensal declarada de R$ 20.990."
A004530,T-96181,Titular (PF),R01,R01 · Movimentação incompatível com a renda,"IV, a",31549.98,2026-08-28,37.9,"R$ 17.481 recebidos e R$ 14.069 enviados por Pix em 30 dias — 4,2× a renda mensal declarada de R$ 7.600."
A004531,T-60713,Titular (PF),R01,R01 · Movimentação incompatível com a renda,"IV, a",24738.22,2026-08-28,36.9,"R$ 24.466 recebidos e R$ 272 enviados por Pix em 30 dias — 3,6× a renda mensal declarada de R$ 6.860."
A004532,T-22038,Titular (PF),R02,R02 · Muitas origens e saída rápida,"IV, n",3604.210000000002,2026-08-28,44.2,44 pagadores distintos mandaram R$ 3.604 em 7 dias; R$ 3.294 (91% do recebido) saiu da conta na mesma janela.
A004533,L-80350,Estabelecimento (PJ),R05,R05 · Recebimento incompatível com o estabelecimento,"IV, w",154584.4115363513,2026-08-30,50.3,"R$ 154.584 recebidos no POS em 7 dias, 3,8× a receita semanal esperada (R$ 41.126); 8% vieram de cartões de uma mesma empresa cliente."
A004534,L-42070,Estabelecimento (PJ),R05,R05 · Recebimento incompatível com o estabelecimento,"IV, w",205322.79971393943,2026-08-30,55.4,"R$ 205.323 recebidos no POS em 7 dias, 3,6× a receita semanal esperada (R$ 56.857); 15% vieram de cartões de uma mesma empresa cliente."
